precio;sub_descr;href;ubicacion;habitaciones;banios;mt2;planta;otros;latitude;longitude;CCAA
850 â‚¬/mes;;/alquilar/apartamento-camino_de_suarez29010-45053909901_100500/;Camino de SuÃ¡rez (Distrito BailÃ©n-Miraflores. MÃ¡laga Capital);1 hab.;1 baÃ±o;56 mÂ²;2Âª planta;"Se alquila vivienda en calle martÃ­nez de la rosa (mÃ¡laga) para 1 persona 

La vivienda estÃ¡ reformada, con electrodomÃ©sticos, aire...";36.7260582;-4.4363096;malaga
1.800 â‚¬/sem;;/alquilar/apartamento-puerto_deportivo-95918095325_164300/;Puerto Deportivo (Fuengirola);3 habs.;2 baÃ±os;124 mÂ²;3Âª planta;"Video informativo: para verlo busque en youtube lasiesta3
25% de descuento para alojamientos hasta el 30 de junio de 2020 incluido...";36.5460944;-4.6194953;malaga
2.300 â‚¬/mes;;/alquilar/apartamento-nagueles_alto29602-41743818171_102100/;NagÃ¼eles Alto (Distrito Milla de Oro. Marbella);3 habs.;2 baÃ±os;115 mÂ²;;Gilmar consulting inmobiliario presente este apartamento de 115 mÂ² en la exclusiva zona de milla de oro - marbella club, en marbel...;36.5208777;-4.9162372;malaga
2.550 â‚¬/mes;;/alquilar/casa_adosada-fuengirola_san_francisco-43431176140_100500/;San Francisco (Fuengirola);4 habs.;4 baÃ±os;260 mÂ²;;"Increible chalet en los boliches - fuengirola

Este encantador chalet adosado estÃ¡ disponible para alquiler de larga temporada en ...";36.5496923;-4.6168382;malaga
1.500 â‚¬/mes;;/alquilar/atico-el_consul_el_romeral_la_colonia_santa_ines29010-45096477609_109100/;El CÃ³nsul-El Romeral-La Colonia Santa InÃ©s (Distrito Teatinos-Universidad. MÃ¡laga Capital);3 habs.;2 baÃ±os;116 mÂ²;;***** alquiler por temporada de septiembre a junio *****   disponible a partir del 1 de septiembre.   Magnifico Ã¡tico situado en u...;36.7232613;-4.4770487;malaga
1.300 â‚¬/mes;Estudio en calle de Lamo de Espinosa, 10;/alquilar/estudio-puerto_deportivo-43349806316_100500/;Puerto Deportivo (Fuengirola);;1 baÃ±o;52 mÂ²;;Pyr alquiler estudio con vistas al mar, en pleno centro de fuengirola, planta alta con excelente orientaciÃ³n y vistas a la piscina...;36.5429;-4.62005;malaga
1.600 â‚¬/mes;Apartamento en calle Eurosol, 7;/alquilar/apartamento-la_carihuela-15929223639_517988/;La Carihuela (Torremolinos);1 hab.;1 baÃ±o;63 mÂ²;Bajo;"Se alquila por temporada y corta estancia precioso apartamento a escasos metros de la playa en pleno corazÃ³n de la carihuela. 

Di...";36.60740936706287;-4.508015590296995;malaga
2.400 â‚¬/mes;Apartamento en UrbanizaciÃ³n Vista Real , nÂº 1;/alquilar/apartamento-los_naranjos_las_brisas29660-35851143238_526073/;Los Naranjos-Las Brisas (Distrito Nueva AndalucÃ­a. Marbella);2 habs.;3 baÃ±os;136 mÂ²;1Âª planta;Apartamento de lujo en la urb. Vista real, en nueva andalucÃ­a , al lado del lago de las tortugas , 2 dorm, 2 baÃ±os y un aseo. Tien...;36.52436348051654;-4.964704513549806;malaga
4.100 â‚¬/mes;;/alquilar/chalet-el_padron_el_velerin_voladilla29680-38394975704_100500/;Selwo (Estepona);3 habs.;4 baÃ±os;200 mÂ²;;Se alquila preciosa villa en urbanizaciÃ³n resina golf. Tiene 3 habitaciones con los baÃ±os en suite cada uno en segunda planta, amp...;36.463452;-5.0776321;malaga
1.300 â‚¬/mes;;/alquilar/piso-los_nadales_tio_charles29639-45085214341_106700/;Los Nadales-TÃ­o Charles (Distrito BenalmÃ¡dena Pueblo. BenalmÃ¡dena);2 habs.;1 baÃ±o;80 mÂ²;;Precioso piso en alquiler solo de corta temporada ( hasta el 1 de marzo 2025), dispone de 2 dormitorios, un amplio baÃ±o, luminoso ...;36.589903092;-4.574122666;malaga
1.200 â‚¬/mes;;/alquilar/chalet-pedregalejo29017-43366474812_100500/;Pedregalejo (Distrito Este. MÃ¡laga Capital);2 habs.;2 baÃ±os;70 mÂ²;;"2a-190 alquiler vacacional verano 2024
No larga temporada.
Precio semanal.

Situada en pedregalejo en 1Âº linea de playa con vistas...";36.7213399;-4.3786375;malaga
1.200 â‚¬/mes;;/alquilar/piso-capuchinos_la_goleta_el_molinillo_segalerva29008-7518788854_100500/;Capuchinos-La Goleta-El Molinillo-Segalerva (Distrito Centro. MÃ¡laga Capital);2 habs.;1 baÃ±o;75 mÂ²;2Âª planta;Este estupendo piso combina dos grandes beneficios, estar junto al centro de la ciudad pero en una calle apartada de los ruidos. L...;36.7236594;-4.4251508;malaga
1.150 â‚¬/mes;;/alquilar/chalet-cabopino_reserva_de_marbella-44192406796_100500/;Cabopino-Reserva de Marbella (Distrito Las Chapas. Marbella);6 habs.;6 baÃ±os;450 mÂ²;;"Precio por noche: : 1150â‚¬
Estancia mÃ­nima: 2 semanas.
6 dormitorios * 6 baÃ±os * pequeÃ±a piscina privada * piscina comunitaria * 45...";36.4888158;-4.751187;malaga
2.000 â‚¬/mes;;/alquilar/atico-mijas_costa_calahonda-41691318136_523851/;Calahonda (Distrito Mijas Costa. Mijas);2 habs.;2 baÃ±os;100 mÂ²;;Al andalus living presenta este impresionante Ã¡tico en primera linea de playa de 2 dormitorios y 2 baÃ±os que ofrece no sÃ³lo impres...;36.490506597;-4.708842955;malaga
1.600 â‚¬/mes;;/alquilar/piso-santa_paula_la_paz_los_guindos_parque_mediterraneo-45098863539_100500/;Santa Paula-La Paz-Los Guindos-Parque MediterrÃ¡neo (Distrito Carretera de CÃ¡diz. MÃ¡laga Capital);2 habs.;2 baÃ±os;200 mÂ²;Bajo;"Desde giro inmobiliaria te presentamos este gran piso en la zona de los guindos con contrato de vivienda habitual.

Su caracterÃ­st...";36.6932519;-4.4493115;malaga
A consultar;Apartamento en calle de Jacinto Benavente;/alquilar/apartamento-puerto_deportivo-43408031442_103200/;Puerto Deportivo (Fuengirola);2 habs.;1 baÃ±o;80 mÂ²;;Alquiler de corta temporada de  apartamento en zona del puerto deportivo, rodeado de todos los comerc...;36.541;-4.62186;malaga
3.500 â‚¬/mes;;/alquilar/atico-la_campana_altos_del_rodeo-45861266397_523851/;La Campana-Altos del Rodeo (Distrito Nueva AndalucÃ­a. Marbella);3 habs.;2 baÃ±os;245 mÂ²;;"Al andalus living presenta un precioso Ã¡tico sin muebles a estrenar en la campana, nueva andalucÃ­a.
A sÃ³lo unos pasos de los servi...";36.4995957;-4.9745325;malaga
A consultar;;/alquilar/piso-la_carihuela-45090821075_526358/;La Carihuela (Torremolinos);;1 baÃ±o;50 mÂ²;5Âª planta;Descubre el lugar perfecto para tus vacaciones en la costa de torremolinos. Este encantador estudio tipo loft, ubicado en el prest...;36.6057859;-4.5110589;malaga
1.400 â‚¬/mes;Piso en calle;/alquilar/piso-parque_victoria_sierra_cortijos29720-45091929504_107700/;Parque Victoria-Sierra-Cortijos (RincÃ³n de la Victoria);3 habs.;2 baÃ±os;97 mÂ²;;"Disponible desde el 1 de octubre de 2024 a 31 de agosto de 2025

Se alquila hermoso piso en calle mÃ¡laga virgen con vistas al mar ...";36.7308601869371;-4.29613256679693;malaga
1.850 â‚¬/mes;Apartamento en Avenida Principe Salman, nÂº SN;/alquilar/apartamento-nueva_andalucia_centro29660-41755234086_108500/;Nueva AndalucÃ­a-Centro (Distrito Nueva AndalucÃ­a. Marbella);2 habs.;2 baÃ±os;110 mÂ²;;"Disponible de noviembre hasta junio.sin comisiÃ³n de agencia. Situado en residencial ""la dama de noche"" el apartamento consta de do...";36.4984;-4.9521;malaga
2.200 â‚¬/mes;Piso en calle;/alquilar/piso-el_higueral_palacio_de_deportes_martin_carpena2900-45882908462_107700/;El Higueral-Palacio de Deportes MartÃ­n Carpena (Distrito Carretera de CÃ¡diz. MÃ¡laga Capital);4 habs.;2 baÃ±os;150 mÂ²;;Descubre este magnÃ­fico Ã¡tico de 4 dormitorios y 2 baÃ±os, uno de ellos en suite, ideal para aquellos que buscan un hogar espacioso...;36.683289;-4.4557024;malaga
2.500 â‚¬/sem;;/alquilar/casa-nueva_alcantara29670-44251374251_103800/;Nueva AlcÃ¡ntara (Distrito San Pedro de AlcÃ¡ntara. Marbella);2 habs.;3 baÃ±os;196 mÂ²;;Alquiler vacacional para los meses de junio Ã³ septiembre. Preciosa casa adosada en marbella, zona san pedro de alcantara, a pocos ...;36.4839348;-4.980033;malaga
2.800 â‚¬/mes;Chalet en calle UrbanizaciÃ³n Naricha;/alquilar/chalet-torrox_torrox_park29793-42566395725_103200/;Torrox Park (Torrox);4 habs.;3 baÃ±os;260 mÂ²;;Si estÃ¡s cansado del bullicio y el ruido del centro de la ciudad y lo que buscas en tus vacaciones es...;36.7527;-3.91841;malaga
3.500 â‚¬/mes;Piso en calle;/alquilar/piso-los_naranjos_las_brisas29670-42588948609_107700/;Los Naranjos-Las Brisas (Distrito Nueva AndalucÃ­a. Marbella);2 habs.;2 baÃ±os;265 mÂ²;;Elegante apartamento en aquiler en la corniche, marbella, que cuenta con 2 dormitorios y 2 baÃ±os, de los cuales uno es en suite. L...;36.5027814212018;-4.96823382067572;malaga
850 â‚¬/mes;;/alquilar/piso-torremolinos_centro-45838445097_516516/;Centro (Torremolinos);2 habs.;2 baÃ±os;90 mÂ²;3Âª planta;En la zona centro de torremolinos, se encuentra este maravilloso piso en alquiler. Situado en la 3Âª planta, cuenta con una superfi...;36.622791232;-4.507963488;malaga
158 â‚¬/dÃ­a;;/alquilar/casa-almayate29749-1744157334_103200/;Almayate (VÃ©lez-MÃ¡laga);3 habs.;1 baÃ±o;100 mÂ²;;"Fabulosa casa en primerisima linea de playa, se encuentra en la misma playa. 
Zona muy tranquila. 
La...";36.729552545;-4.152086034;malaga
2.600 â‚¬/mes;Apartamento en calle de Juan SebastiÃ¡n Elcano, 2;/alquilar/apartamento-puerto_marina29630-43411901544_101800/;Puerto Marina (Distrito BenalmÃ¡dena Costa. BenalmÃ¡dena);1 hab.;1 baÃ±o;90 mÂ²;2Âª planta;Apartamento de 1 dormitorio, moderno y de lujo. Vistas maravillosas al puerto y al centro comercial. Hay una cama empotrada en el ...;36.5955;-4.51467;malaga
1.500 â‚¬/mes;;/alquilar/apartamento-el_bajondillo-40005937780_101800/;El Bajondillo (Torremolinos);1 hab.;1 baÃ±o;54 mÂ²;;La vivienda estÃ¡ completamente reformada, distribuida en 1 dormitorio, 1 baÃ±o, cocina equipada, salÃ³n comedor y una terraza con fa...;36.6194096;-4.4995943;malaga
15.000 â‚¬/mes;;/alquilar/casa-sierra_blanca-7561379920_101800/;Sierra Blanca (Distrito Milla de Oro. Marbella);7 habs.;8 baÃ±os;850 mÂ²;;"""amplia villa seÃ±orial con carÃ¡cter, con 800metros construidos y 2000mÂ² de parcela, 6 dormitorios y uno de servicio en planta sÃ³ta...";36.5240523;-4.9146458;malaga
150 â‚¬/dÃ­a;;/alquilar/apartamento-torrox_los_llanos-35085288776_108500/;Los Llanos (Torrox);2 habs.;1 baÃ±o;75 mÂ²;;Apartamento frontal al mar donde podrÃ¡s disfrutar de la luz, el sonido y el olor a mediterrÃ¡neo desde cualquier rincÃ³n. Deseo que ...;36.7335277;-3.9736027;malaga
1.000 â‚¬/mes;;/alquilar/piso-velez_malaga_torre_del_mar29740-6726516573_100500/;Torre del Mar (VÃ©lez-MÃ¡laga);1 hab.;1 baÃ±o;56 mÂ²;4Âª planta;"Alquiler vacacional verano 2024 torre del mar

Calle piragua 3Âº planta, con ascensor, cerca centro y playa.

â­ aire condicionado â„...";36.74354272;-4.089117043;malaga
1.000 â‚¬/mes;;/alquilar/piso-el_penoncillo-45892593258_998550/;El PeÃ±oncillo (Torrox);2 habs.;2 baÃ±os;80 mÂ²;Bajo;Luminoso apartamento situado en primera lÃ­nea de playa, totalmente amueblado y equipado, consta de 2 dormitorios, un baÃ±o con duch...;36.736621702;-3.95344807;malaga
10.000 â‚¬/mes;Casa unifamiliar en calle 3, 8;/alquilar/casa_unifamiliar-san_pedro_de_alcantara_guadalmina-34263298820_510461/;Guadalmina (Distrito San Pedro de AlcÃ¡ntara. Marbella);5 habs.;4 baÃ±os;500 mÂ²;;Con una fantÃ¡stica ubicaciÃ³n en primera lÃ­nea de playa, esta propiedad de cuatro dormitorios estÃ¡ a solo 50 m de la playa y estÃ¡ s...;36.486872500372684;-5.00989535638173;malaga
630 â‚¬/sem;;/alquilar/piso-velez_malaga_torre_del_mar29740-44206333824_524174/;Torre del Mar (VÃ©lez-MÃ¡laga);2 habs.;1 baÃ±o;75 mÂ²;6Âª planta;Piso con 2 dormitorios amplios, 1 baÃ±o con plato ducha, cocina totalmente equipada, a/c frio calor, internet, tv satelite, vistas ...;36.7383297;-4.0991713;malaga
2.500 â‚¬/mes;;/alquilar/apartamento-las_chapas_elviria-44263256881_106000/;Elviria (Distrito Las Chapas. Marbella);3 habs.;3 baÃ±os;128 mÂ²;;"Â¡Bienvenido a su nueva casa de alquiler en elviria, justo al lado de la mejor playa de marbella!

Este encantador apartamento ofre...";36.4929814;-4.7716147;malaga
1.850 â‚¬/mes;Apartamento en calle de VelÃ¡zquez, 30;/alquilar/apartamento-puerto_marina29630-43406817084_101800/;Puerto Marina (Distrito BenalmÃ¡dena Costa. BenalmÃ¡dena);1 hab.;1 baÃ±o;65 mÂ²;2Âª planta;Alquiler vacacional: espacioso apartamento de 1 dormitorio en el corazÃ³n del puerto deportivo de puerto marina. Cerca de torremoli...;36.5987;-4.51343;malaga
1.000 â‚¬/mes;Piso en calle del Clavel, 6;/alquilar/piso-velez_malaga_torre_del_mar29740-20042258534_100500/;Torre del Mar (VÃ©lez-MÃ¡laga);1 hab.;1 baÃ±o;45 mÂ²;6Âª planta;"Alquiler vacacional verano 2024

Apartamento reformado, cerca del centro y de la playa.

Con aire acondicionado.

Tiene 1 dormitor...";36.7439;-4.09192;malaga
500 â‚¬/sem;;/alquilar/piso-velez_malaga_torre_del_mar29740-44233739745_524174/;Torre del Mar (VÃ©lez-MÃ¡laga);1 hab.;1 baÃ±o;55 mÂ²;3Âª planta;"Apartamento totalmente reformado, 1 dormitorio, baÃ±o con plato ducha, a-c, y wifi.
Precio semanal julio 750â‚¬. Otras fechas consult...";36.7361235;-4.0959773;malaga
3.000 â‚¬/mes;;/alquilar/piso-parque_de_la_paloma-19250415172_501436/;Parque de la Paloma (Distrito BenalmÃ¡dena Costa. BenalmÃ¡dena);2 habs.;3 baÃ±os;72 mÂ²;Bajo;"Alquiler de corta temporada, no se alquila de larga!

Apartamento en 1Âº linea de playa! Playa santa ana!!  Vistas panorÃ¡micas al m...";36.5920669;-4.5249181;malaga
1.000 â‚¬/mes;;/alquilar/duplex-la_trinidad_marmoles_perchel_norte29009-45871113439_100500/;La Trinidad-MÃ¡rmoles-Perchel Norte (Distrito Centro. MÃ¡laga Capital);2 habs.;1 baÃ±o;50 mÂ²;2Âª planta;"Bonito piso dÃºplex de 2 dormitorios. A un paso del centro y de el corte inglÃ©s. 
Excelente ubicaciÃ³n, todo a mano. Calle tranquila...";36.7230905;-4.4273577;malaga
800 â‚¬/mes;;/alquilar/apartamento-el_ejido_cristo_de_la_epidemia_olletas_san_miguel2-45863952329_100500/;El Ejido-Cristo de la Epidemia-Olletas-San Miguel (Distrito Centro. MÃ¡laga Capital);1 hab.;1 baÃ±o;40 mÂ²;2Âª planta;Bonito apartamento de 1 dormitorio en la zona de fuente olletas, cercano a cristo de la epidemia. Rodeado de tiendas y comercios y...;36.7323013;-4.4184606;malaga
5.500 â‚¬/mes;;/alquilar/chalet-selwo29680-45089592603_528489/;Selwo (Estepona);5 habs.;5 baÃ±os;800 mÂ²;;"Rent per week 5.500 euros /alquiler por semana 5.500 euros.
Esta increÃ­ble villa de estilo descriptivo en alquiler en estepona, ub...";36.466388;-5.0765441;malaga
3.750 â‚¬/mes;Piso en calle Avenida del Puerto Deportivo, nÂº S/N;/alquilar/piso-puerto_marina29630-24192142015_101800/;Puerto Marina (Distrito BenalmÃ¡dena Costa. BenalmÃ¡dena);2 habs.;2 baÃ±os;89 mÂ²;;Alquiler vacacional: topinmo puerto marina le ofrece una vivienda vacacional en el corazon de puerto deportivo, situado en el edif...;36.5968;-4.51347;malaga
2.500 â‚¬/mes;Piso en calle de Juan SebastiÃ¡n Elcano, 2;/alquilar/piso-puerto_marina29630-43352368541_101800/;Puerto Marina (Distrito BenalmÃ¡dena Costa. BenalmÃ¡dena);2 habs.;1 baÃ±o;112 mÂ²;2Âª planta;Alquiler vacacional: piso amplio y acogedor. En segunda planta. El dormitorio principal con cama doble, el segundo dormitorio con ...;36.5955;-4.51467;malaga
1.800 â‚¬/mes;;/alquilar/casa-estacion_de_cartama-43342935119_106700/;EstaciÃ³n de CÃ¡rtama (CÃ¡rtama);5 habs.;3 baÃ±os;240 mÂ²;;Casa en alquiler disponible en alquiler para trabajadores. Consta de 5 dormitorios, 3 baÃ±os, salon-comedor, cocina, patio y varias...;36.7366905;-4.609753;malaga
900 â‚¬/mes;Apartamento en calle Bauhinias de Baviera, 10;/alquilar/apartamento-area_de_triana_cabrillas_trapiche-36704854758_523785/;Ãrea de Triana-Cabrillas-Trapiche (VÃ©lez-MÃ¡laga);2 habs.;2 baÃ±os;100 mÂ²;1Âª planta;Magnifico apartamento en uno de los mejores residenciales de baviera golfÂ¡Â¡Â¡. Consta de 2 amplios dormitorios con armarios empotra...;36.762753953040054;-4.0689729783364195;malaga
1.200 â‚¬/mes;;/alquilar/apartamento-torrox_los_llanos-40837157928_108500/;Los Llanos (Torrox);1 hab.;1 baÃ±o;76 mÂ²;;Si lo que buscas es relajarte mirando el mar, este es tu apartamento. Este apartamento te sorprenderÃ¡ por su ubicaciÃ³n junto al ma...;36.736754058;-3.984514408;malaga
5.250 â‚¬/mes;DÃºplex en calle de Juan SebastiÃ¡n Elcano, 2;/alquilar/duplex-puerto_marina29630-43405431195_101800/;Puerto Marina (Distrito BenalmÃ¡dena Costa. BenalmÃ¡dena);3 habs.;3 baÃ±os;185 mÂ²;3Âª planta;Alquiler vacacional: este alojamiento Ãºnico tiene su propio estilo. EstÃ¡ ubicado en el corazÃ³n del galardonado puerto deportivo pu...;36.5954;-4.51477;malaga
3.500 â‚¬/mes;;/alquilar/atico-playa_de_los_boliches-45078112373_108500/;Playa de Los Boliches (Fuengirola);3 habs.;4 baÃ±os;246 mÂ²;;Este apartamento de tres dormitorios y tres baÃ±os en dos plantas, se encuentra en primera lÃ­nea de playa, tan solo con dos aÃ±os  d...;36.555812155;-4.611247324;malaga
900 â‚¬/mes;;/alquilar/apartamento-velez_malaga_nucleo_urbano29700-45044859094_108500/;NÃºcleo Urbano (VÃ©lez-MÃ¡laga);2 habs.;1 baÃ±o;104 mÂ²;;AquÃ­ tienes la oportunidad de vivir en un moderno apartamento, pero con el encanto de un edificio histÃ³rico. Volver a disfrutar de...;36.7841342;-4.1041914;malaga
2.200 â‚¬/mes;;/alquilar/apartamento-sierra_bermeja29680-41669165616_102100/;Altos de Estepona (Estepona);2 habs.;2 baÃ±os;130 mÂ²;;Gilmar alquila impecable apartamento en estepona para larga temporada, a un minuto de la playa y paseo marÃ­timo.  Ubicado en resid...;36.4619235;-5.1261212;malaga
10.000 â‚¬/mes;;/alquilar/casa-la_campana_altos_del_rodeo-32527035651_510461/;La Campana-Altos del Rodeo (Distrito Nueva AndalucÃ­a. Marbella);5 habs.;7 baÃ±os;465 mÂ²;;"Villa de nueva construcciÃ³n de lujo al lado de la playa!
FantÃ¡stica villa de 5 dormitorios de lujo a estrenar. 
Las caracterÃ­stica...";36.4960558;-4.9419216;malaga
1.700 â‚¬/mes;;/alquilar/casa-capellania_retamar-43406830295_521565/;CapellanÃ­a-Retamar (AlhaurÃ­n de la Torre);7 habs.;3 baÃ±os;3.000 mÂ²;;Alquiler de una gran casa ubicada dentro de una extensa finca de 3000 mÂ² completamente vallada. Totalmente amueblada, cocina con e...;36.669188105;-4.553744977;malaga
2.500 â‚¬/mes;;/alquilar/piso-mijas_las_lagunas29651-45092858414_100500/;Las Lagunas (Mijas);3 habs.;3 baÃ±os;135 mÂ²;2Âª planta;"Alquiler de larga temporada, piso de lujo en urbanizaciÃ³n de nueva construcciÃ³n. 
Fabuloso recinto privado con piscina, jardines y...";36.5382813;-4.6427218;malaga
4.000 â‚¬/mes;;/alquilar/casa_adosada-lomas_de_marbella_club_puente_romano29602-44239525548_106000/;Lomas de Marbella Club-Puente Romano (Distrito Milla de Oro. Marbella);5 habs.;5 baÃ±os;168 mÂ²;;Exquisita casa adosada de 5 dormitorios y 5 baÃ±os distribuida en tres niveles y con mÃºltiples terrazas. Ubicada en urb. Marbella m...;36.5065876;-4.9110182;malaga
1.800 â‚¬/mes;;/alquilar/atico-el_paraiso_atalaya_benamara-42501645495_100500/;El ParaÃ­so-Atalaya-Benamara (Estepona);2 habs.;2 baÃ±os;150 mÂ²;;"Atico en esquina con varias terrazas,y vistas al mar y montaÃ±ana

La vivienda se distribuye en 2 dormitorios dobles y 2 baÃ±os (amb...";36.4709278;-5.0151744;malaga
1.200 â‚¬/mes;;/alquilar/piso-rincon_de_la_victoria_rincon29730-41732125579_100500/;RincÃ³n (RincÃ³n de la Victoria);3 habs.;;102 mÂ²;2Âª planta;Estupenda vivienda en alquiler para cortas temporadas. Dispone de un amplio recibidor, cocina amueblada y equipada de electrodomÃ©s...;36.716550002;-4.276618996;malaga
750 â‚¬/mes;;/alquilar/piso-rincon_de_la_victoria_torre_de_benagalbon-10028276030_100500/;Torre de BenagalbÃ³n (RincÃ³n de la Victoria);2 habs.;;78 mÂ²;1Âª planta;Vivienda disponible para alquilar en cortas temporadas, piso de 2 dormitorios, 1 baÃ±o con baÃ±era, cocina, salÃ³n orientada al este ...;36.714932589;-4.252549824;malaga
1.500 â‚¬/mes;;/alquilar/casa-manilva_nucleo29692-45043890730_523453/;NÃºcleo (Manilva);3 habs.;3 baÃ±os;100 mÂ²;;"KÃ¡maraljarafe, la agencia que te acompaÃ±a a tu nuevo hogar. 
Descubre esta encantadora casa en alquiler en manilva, costa del sol....";36.361343684;-5.231437872;malaga
1.450 â‚¬/mes;;/alquilar/piso-el_limonar_el_mayorazgo_peinado_grande29016-45023744006_516020/;El Limonar-El Mayorazgo-Peinado Grande (Distrito Este. MÃ¡laga Capital);3 habs.;2 baÃ±os;105 mÂ²;Bajo;Â¡Â¡No va a durar!! Oportunidad de alquiler en una de las mejores zonas de mÃ¡laga. Piso de 100 metros cuadrados con 3 habitaciones y...;36.72270881;-4.399589843;malaga
900 â‚¬/mes;;/alquilar/piso-rincon_de_la_victoria_rincon29730-45921721356_100500/;RincÃ³n (RincÃ³n de la Victoria);2 habs.;1 baÃ±o;79 mÂ²;1Âª planta;Magnifico piso situado en primera lÃ­nea de playa disponible para alquiler de larga temporada, orientado al sur y al este, en urban...;36.713716;-4.2722522;malaga
1.200 â‚¬/mes;;/alquilar/piso-rancho_domingo_la_hacienda-45096559120_100500/;Rancho Domingo-La Hacienda (Distrito BenalmÃ¡dena Pueblo. BenalmÃ¡dena);3 habs.;2 baÃ±os;70 mÂ²;;"Â¡Oportunidad Ãºnica! Piso en planta baja en alquiler con amplios espacios y modernas comodidades

DescripciÃ³n de la propiedad:

Se ...";36.598132;-4.570475;malaga
2.100 â‚¬/mes;;/alquilar/apartamento-san_pedro_de_alcantara_guadalmina-32515863654_337300/;Guadalmina (Distrito San Pedro de AlcÃ¡ntara. Marbella);3 habs.;3 baÃ±os;189 mÂ²;3Âª planta;Disponible en larga temporada partir de agosto 2024. FantÃ¡stico Ã¡tico dÃºplex situado dentro de urbanizaciÃ³n de lujo a escasos metr...;36.483441814;-5.01009975;malaga
850 â‚¬/mes;Ãtico en calle del Limonero, 17;/alquilar/atico-rincon_de_la_victoria_la_cala_del_moral29730-45887548584_108500/;La Cala del Moral (RincÃ³n de la Victoria);1 hab.;1 baÃ±o;72 mÂ²;;Magnifico Ã¡tico 1 dormitorios con gran terraza y garaje en urbanizaciÃ³n con piscina. La vivienda cuenta con una superficie de 58 m...;36.72;-4.29432;malaga
3.100 â‚¬/mes;;/alquilar/piso-torremolinos_los_alamos29620-43425637165_512327/;Los Ãlamos (Torremolinos);3 habs.;4 baÃ±os;149 mÂ²;Bajo;Â¡No pierdas la oportunidad de vivir en este espectacular apartamento en alquiler en la mejor urbanizaciÃ³n de torremolinos! Con una...;36.6443131;-4.4818863;malaga
1.050 â‚¬/mes;;/alquilar/apartamento-el_consul_el_romeral_la_colonia_santa_ines29010-45869131936_516020/;El CÃ³nsul-El Romeral-La Colonia Santa InÃ©s (Distrito Teatinos-Universidad. MÃ¡laga Capital);1 hab.;1 baÃ±o;120 mÂ²;Bajo;AtenciÃ³n se alquila piso en teatinos, concretamente en calle marÃ­a barrientos, por tan solo 1050â‚¬. Se trata de un apartamento de 4...;36.7204435;-4.4883589;malaga
450 â‚¬/dÃ­a;Apartamento en calle Km 192 N-340, Elviria, nÂº 1;/alquilar/apartamento-las_chapas_elviria-36682666966_515241/;Elviria (Distrito Las Chapas. Marbella);2 habs.;3 baÃ±os;125 mÂ²;2Âª planta;"No disponible para larga temporada.

SÃ³lo disponible del sÃ¡bado 17 de agosto al sÃ¡bado 31 de agosto, mÃ­nimo reservas por semana 
...";36.49331505638408;-4.774761609598102;malaga
130 â‚¬/dÃ­a;;/alquilar/estudio-parque_de_la_paloma29630-35863285326_520654/;Parque de la Paloma (Distrito BenalmÃ¡dena Costa. BenalmÃ¡dena);;1 baÃ±o;35 mÂ²;;Bonito estudio, en alquiler vacacional, situado en benalmÃ¡dena costa, en zona comercial, ofrece piscina al aire libre, maravilloso...;36.5968235;-4.5275386;malaga
1.000 â‚¬/mes;;/alquilar/piso-la_carihuela-45012226566_100500/;La Carihuela (Torremolinos);1 hab.;1 baÃ±o;49 mÂ²;5Âª planta;Se alquila apartamento de 1 dormitorio, 1 baÃ±o, salon y cocina americana amueblada solo corta temporada por semanas, quincena o me...;36.607855921;-4.506812459;malaga
7.500 â‚¬/mes;;/alquilar/casa-zona_calvario29693-45039296124_106000/;Zona Calvario (Distrito Centro. Estepona);5 habs.;4 baÃ±os;321 mÂ²;;Descubra la vida de lujo en esta impresionante casa pareada ubicada en estepona, en la hermosa costa del sol. Esta espaciosa vivie...;36.4308712;-5.1683178;malaga
2.800 â‚¬/mes;;/alquilar/piso-centro_historico_la_merced29005-44170807568_501323/;Centro HistÃ³rico-La Merced (Distrito Centro. MÃ¡laga Capital);3 habs.;2 baÃ±os;105 mÂ²;1Âª planta;"Â¡Disfruta de un verano inolvidable en este piso nuevo y luminoso en el centro histÃ³rico de mÃ¡laga!

SumÃ©rgete en la vibrante atmÃ³s...";36.7195378;-4.4246995;malaga
2.500 â‚¬/mes;Chalet en UrbanizaciÃ³n Dominion Beach;/alquilar/chalet-el_padron_el_velerin_voladilla-945856909051848_109700/;Altos de Estepona (Estepona);4 habs.;3 baÃ±os;220 mÂ²;;Adosados de lujo en alquiler en la emblemÃ¡tica urbanizaciÃ³n dominion beach. Para corta y larga temporadas. Disponen de 4 habitacio...;36.4763;-5.16406;malaga
6.500 â‚¬/mes;;/alquilar/casa-mijas_costa_calahonda-42505413732_106000/;Calahonda (Distrito Mijas Costa. Mijas);5 habs.;5 baÃ±os;404 mÂ²;;Espectacular villa de reciente construcciÃ³n en la prestigiosa urbanizaciÃ³n cabo royale, a tan sÃ³lo unos minutos de las famosas pla...;36.490498088;-4.732118035;malaga
2.500 â‚¬/mes;;/alquilar/chalet_unifamiliar-rincon_de_la_victoria_la_cala_del_moral29730-43395181890_519108/;La Cala del Moral (RincÃ³n de la Victoria);3 habs.;1 baÃ±o;180 mÂ²;;Chalet unifamiliar con vistas al mar, 3 dormitorios, cocina, salÃ³n y baÃ±o. Rodeado de precioso jardÃ­n y terrazas. El alquiler incl...;36.7138564;-4.294852;malaga
2.000 â‚¬/mes;;/alquilar/piso-mijas_centro29650-44180364800_515838/;Centro (Mijas);2 habs.;1 baÃ±o;85 mÂ²;2Âª planta;Ref 2405014-a fantÃ stico apartamento ubicado en la parte antigua del pueblo de mijas, cerca de todo tipo de comercios , con vistas...;36.59387096;-4.645078255;malaga
2.300 â‚¬/mes;;/alquilar/casa_pareada-centro_casco_antiguo-39228979770_100500/;Casco Antiguo (Distrito Centro. Estepona);3 habs.;3 baÃ±os;203 mÂ²;;"Precioso pareado en estepona zona el padrÃ³n

MagnÃ­fica vivienda disponible para alquiler de larga temporada.
Destaca por su lumino...";36.462735126;-5.126092438;malaga
2.100 â‚¬/mes;;/alquilar/piso-las_chapas_rio_real-44225474647_527608/;RÃ­o Real (Distrito Las Chapas. Marbella);2 habs.;2 baÃ±os;105 mÂ²;Bajo;"Hermoso apartamento en planta baja ubicado en rÃ­o real, costa del sol.

CaracterÃ­sticas:
- 2 dormitorios
- 2 baÃ±os
- construidos ...";36.5087109;-4.846539;malaga
1.800 â‚¬/mes;;/alquilar/casa_adosada-valdeolletas_las_cancelas_xarblanca-43372593900_108900/;Valdeolletas-Las Cancelas-Xarblanca (Distrito Centro. Marbella);3 habs.;3 baÃ±os;150 mÂ²;;Preciosa adosada de 2 plantas en una tranquila urbanizaciÃ³n en la zona de xarblanca, marbella. En su primera planta encontramos el...;36.5270624;-4.8957019;malaga
1.000 â‚¬/mes;;/alquilar/piso-playamar_benyamina-45065544092_516428/;Playamar-Benyamina (Torremolinos);2 habs.;2 baÃ±os;90 mÂ²;4Âª planta;Septiembre a junio. Alquiler por meses, maximo 10 meses, se requieren 2 meses de fianza, documentacion acreditando solvencia,  dat...;36.635755583;-4.491730545;malaga
2.500 â‚¬/mes;;/alquilar/apartamento-las_chapas_elviria-37566385701_108400/;Elviria (Distrito Las Chapas. Marbella);3 habs.;3 baÃ±os;169 mÂ²;1Âª planta;"Alquiler de invierno - de septiembre a junio - este precioso piso en 1Âª planta con orientaciÃ³n sur estÃ¡ situado en ""hacienda elvir...";36.503824104;-4.769443241;malaga
1.000 â‚¬/sem;Piso en calle Camilo JosÃ© Cela, 1;/alquilar/piso-playa_de_la_fontanilla29602-44256108245_515948/;Playa de la Fontanilla (Distrito Centro. Marbella);2 habs.;2 baÃ±os;80 mÂ²;4Âª planta;Este encantador piso en alquiler vacacional se encuentra en la zona de playa de la fontanilla en marbella. Se sitÃºa en la 4Âª plant...;36.508038;-4.8934107;malaga
1.800 â‚¬/mes;;/alquilar/piso-el_pinillo29620-45092581399_100500/;El Pinillo (Torremolinos);3 habs.;2 baÃ±os;240 mÂ²;4Âª planta;"Atico pinillo torremolinos alquiler larga temporada (11 meses) disponible a partir del 1 de agosto 2024
Precioso atico duplex situ...";36.6150744;-4.5134711;malaga
2.400 â‚¬/mes;;/alquilar/piso-paseo_maritimo_oeste_pacifico29004-45079969242_522032/;Paseo MarÃ­timo Oeste-PacÃ­fico (Distrito Carretera de CÃ¡diz. MÃ¡laga Capital);2 habs.;2 baÃ±os;95 mÂ²;5Âª planta;"Â¡Oportunidad Ãºnica para alquilar un maravilloso piso en el paseo marÃ­timo de antonio banderas! 

Este moderno y acogedor apartamen...";36.697492747;-4.438299192;malaga
935 â‚¬/mes;Loft en Plaza de la Barca, 1;/alquilar/loft-camino_de_suarez29011-40013344111_517988/;Camino de SuÃ¡rez (Distrito BailÃ©n-Miraflores. MÃ¡laga Capital);2 habs.;1 baÃ±o;58 mÂ²;;"Loft de diseÃ±o a estrenar

Â¡Oportunidad Ãºnica en el semicentro de la ciudad! Se vende o alquila unicamente por corta temporada lof...";36.731212886448255;-4.437192413297011;malaga
6.840 â‚¬/mes;;/alquilar/piso-centro_historico_la_merced29005-28428110422_100500/;Centro HistÃ³rico-La Merced (Distrito Centro. MÃ¡laga Capital);5 habs.;2 baÃ±os;350 mÂ²;4Âª planta;"Edificio emblematico en pleno centro
Calle marques de larios - a reformar  - gran superficie 350 metros
Renta mÃ¡s asimiladas a car...";36.718439171;-4.421416748;malaga
1.950 â‚¬/mes;;/alquilar/duplex-centro_historico_la_merced29015-44246510614_990526/;Centro HistÃ³rico-La Merced (Distrito Centro. MÃ¡laga Capital);3 habs.;2 baÃ±os;140 mÂ²;4Âª planta;"Vivienda situada junto a la catedral de mÃ¡laga y al palacio de la aduana. Es un dÃ¹plex, se distribuye en:
Planta principal: cocina...";36.71974001;-4.418271522;malaga
5.500 â‚¬/mes;;/alquilar/chalet-valtocado_la_alqueria_la_atalaya29649-44244807255_100500/;Valtocado-La AlquerÃ­a-La Atalaya (Mijas);5 habs.;5 baÃ±os;500 mÂ²;;"Magnifica villa de lujo en la cala golf - mijas

Esta villa es una joya de la arquitectura moderna, diseÃ±ada para maximizar tanto ...";36.535239651;-4.736521495;malaga
875 â‚¬/mes;;/alquilar/apartamento-manantiales_cortijos_del_sol_fuensanguinea-45866276426_515838/;Manantiales-Cortijos del Sol-FuensanguÃ­nea (AlhaurÃ­n de la Torre);2 habs.;1 baÃ±o;90 mÂ²;2Âª planta;Ref 2407020-a fantÃ stico Ã tico en alquiler sin amueblar, en una de las mejores zonas de alhaurin de la torre cerca de parques, col...;36.6570664;-4.565817;malaga
7.500 â‚¬/mes;Casa pareada en calle Sierra Bermeja, 101;/alquilar/casa_pareada-lomas_de_marbella_club_puente_romano29602-43426880416_100500/;Lomas de Marbella Club-Puente Romano (Distrito Milla de Oro. Marbella);3 habs.;;350 mÂ²;;"Marbella golden mile, una propiedad Ãºnica, no se admiten mascotas.
Inquilinos deben de contar con excelentes referencias tanto lab...";36.5126;-4.93842;malaga
1.950 â‚¬/mes;;/alquilar/casa_adosada-cabopino_reserva_de_marbella-41729355599_100500/;Cabopino-Reserva de Marbella (Distrito Las Chapas. Marbella);2 habs.;3 baÃ±os;85 mÂ²;;"Moderno chalet adosado en la reserva de marbella

La propiedad de dos plantas cuenta con un luminoso salon comedor con cocina abie...";36.497331;-4.7483871;malaga
2.500 â‚¬/mes;;/alquilar/apartamento-nagueles_alto29660-32536845509_105300/;NagÃ¼eles Alto (Distrito Milla de Oro. Marbella);2 habs.;2 baÃ±os;154 mÂ²;;Hermoso apartamento ubicado a 5 minutos a pie de la playa y todas las comodidades, asÃ­ como a pocos pasos del puerto deportivo de ...;36.5149005;-4.916655;malaga
1.960 â‚¬/mes;;/alquilar/piso-ensanche_centro_puerto29001-40082021460_106000/;Ensanche Centro-Puerto (Distrito Centro. MÃ¡laga Capital);4 habs.;3 baÃ±os;180 mÂ²;10Âª planta;"Garaje opcional  en 130 &euro;, no incluido en el precio de la renta mensual, uno de los dormitorios es de servicio, junto cocina";36.715818789;-4.424842671;malaga
1.750 â‚¬/sem;Apartamento en calle Granados, 5;/alquilar/apartamento-puerto_banus29660-45923374880_997232/;Puerto BanÃºs (Distrito Nueva AndalucÃ­a. Marbella);2 habs.;2 baÃ±os;86 mÂ²;Bajo;Este acogedor apartamento en marbella ofrece una superficie total de 86 mÂ², con una superficie Ãºtil de 84 mÂ² distribuidos en 2 hab...;36.492935;-4.950157;malaga
900 â‚¬/mes;;/alquilar/apartamento-zona_del_castillo_de_sohail-45914049327_519587/;Zona del Castillo de Sohail (Fuengirola);;1 baÃ±o;30 mÂ²;6Âª planta;Se alquila apartamento para 5 o 6 personas en calle mÃ¡laga ( fuengirola ) con ascensor y piscina. Precio por semana 900â‚¬, solo se ...;36.5336643;-4.6276662;malaga
2.200 â‚¬/mes;;/alquilar/apartamento-lomas_de_marbella_club_puente_romano29602-40881852693_100500/;Lomas de Marbella Club-Puente Romano (Distrito Milla de Oro. Marbella);2 habs.;2 baÃ±os;124 mÂ²;Bajo;"ğŸŒŸ exquisito apartamento en ubicaciÃ³n privilegiada - un refugio de lujo y confort ğŸŒŸ

Bienvenidos a este impresionante apartamento...";36.5015031;-4.9354822;malaga
1.400 â‚¬/mes;;/alquilar/duplex-los_boliches-45019788149_993171/;Los Boliches (Fuengirola);4 habs.;2 baÃ±os;170 mÂ²;3Âª planta;Gran duplex en la zona de los boliches cerca del mercadona y a 7 minutos andando de la playa, 4 dormitorios,dos baÃ±osm salon comed...;36.5575304;-4.6151565;malaga
A consultar;;/alquilar/casa-nagueles_alto29660-32516275239_105300/;NagÃ¼eles Alto (Distrito Milla de Oro. Marbella);4 habs.;6 baÃ±os;805 mÂ²;;Lujo elegante villa de puerto banÃºs, a pocos minutos a pie de la playa y la mayorÃ­a de las atracciones locales. La villa cuenta co...;36.5137885;-4.9211434;malaga
A consultar;;/alquilar/apartamento-zona_calvario29680-32591630440_105300/;Zona Calvario (Distrito Centro. Estepona);2 habs.;2 baÃ±os;128 mÂ²;;Apartamento de 2 dormitorios para vacaciones en alcazaba beach, complejo frente al mar con 7 piscinas, pista de tenis, restaurante...;36.4308712;-5.1683178;malaga
97 â‚¬/dÃ­a;;/alquilar/piso-velez_malaga_torre_del_mar29740-13423093002_103200/;Torre del Mar (VÃ©lez-MÃ¡laga);3 habs.;1 baÃ±o;95 mÂ²;;"Vivienda en primera linea de playa con vistas la mar frontales.
 FÃ¡cil aparcamiento. 
3 dormitorios. ...";36.7382961;-4.0946176;malaga
1.450 â‚¬/mes;;/alquilar/piso-teatinos_universidad_ciudad_universitaria29010-25909787014_100500/;Ciudad Universitaria (Distrito Teatinos-Universidad. MÃ¡laga Capital);3 habs.;2 baÃ±os;100 mÂ²;1Âª planta;Este piso se encuentra en calle bÃ©la bartÃ³k, 29010, mÃ¡laga, mÃ¡laga, en la zona del teatinos, en la planta 1. Es un piso, construid...;36.7190503;-4.4610937;malaga
1.700 â‚¬/mes;Apartamento en calle calle Torrequebrada;/alquilar/apartamento-hacienda_de_torrequebrada-42502086721_103200/;Hacienda de Torrequebrada (Distrito BenalmÃ¡dena Costa. BenalmÃ¡dena);2 habs.;2 baÃ±os;130 mÂ²;;Apartamento en 1Âª linea de playa disponible a partir del 01 de septiembre 2024 a 30 junio de 2025   f...;36.5813;-4.54783;malaga
1.400 â‚¬/mes;;/alquilar/piso-cortijo_de_maza_finca_monsalvez_el_olivar29140-45931523619_990695/;Cortijo de Maza-Finca MonsÃ¡lvez-El Olivar (Distrito Churriana. MÃ¡laga Capital);3 habs.;2 baÃ±os;100 mÂ²;2Âª planta;Se alquila magnÃ­fica vivienda a estrenar, completamente amueblada. Consta de salÃ³n. Gran terraza con vistas a las zonas comunes, a...;36.6595015;-4.4979031;malaga
A consultar;;/alquilar/casa-benahavis_la_alqueria29678-32551006784_105300/;La AlquerÃ­a (BenahavÃ­s);6 habs.;6 baÃ±os;550 mÂ²;;Espectacular villa con mucho estilo, privacidad y elegante decoraciÃ³n, en una de las mejores urbanizaciones de marbella. La villa ...;36.495609659;-5.026454254;malaga
800 â‚¬/mes;;/alquilar/piso-la_trinidad_marmoles_perchel_norte29009-45891822512_990695/;La Trinidad-MÃ¡rmoles-Perchel Norte (Distrito Centro. MÃ¡laga Capital);2 habs.;1 baÃ±o;70 mÂ²;2Âª planta;Para persona sola o pareja. No familias. Vivienda amueblada, 2 dormitorios, salÃ³n, cocina con menaje y microondas, baÃ±o, comunidad...;36.7233826;-4.4287967;malaga
1.300 â‚¬/mes;Apartamento en Avenida del HiguerÃ³n;/alquilar/apartamento-el_higueron_la_capellania29630-45017787515_103200/;El HiguerÃ³n-La CapellanÃ­a (BenalmÃ¡dena);1 hab.;;85 mÂ²;;Se alquila por larga temporada a partir del 01 de julio, bonito apartamento en la urb altos del higue...;36.5803;-4.5952;malaga
895 â‚¬/mes;;/alquilar/apartamento-centro_historico_la_merced29012-45919243097_109800/;Centro HistÃ³rico-La Merced (Distrito Centro. MÃ¡laga Capital);1 hab.;1 baÃ±o;50 mÂ²;Bajo;Apartamento exterior muy luminoso, con electrodomÃ©sticos a+, tv pantalla plana, chaislonge y dormitorio independiente con colchÃ³n ...;36.7257176;-4.4216662;malaga
2.500 â‚¬/mes;;/alquilar/piso-bel_air_cancelada_saladillo29680-45003957003_528489/;Bel-Air-Cancelada-Saladillo (Estepona);2 habs.;2 baÃ±os;90 mÂ²;2Âª planta;Magnifico piso para larga temporada, moderno y decorado con mucha elegancia, amplia terraza con techo abatible, 2 habitaciones, 2 ...;36.4639017;-5.053051;malaga
1.900 â‚¬/mes;;/alquilar/piso-el_paraiso_atalaya_benamara-43429175847_523453/;El ParaÃ­so-Atalaya-Benamara (Estepona);2 habs.;2 baÃ±os;120 mÂ²;Bajo;"Kamaraljarafe, la agencia que te acompaÃ±a a tu nuevo hogar. 
Disfruta del lujo y la comodidad en este encantador piso en planta ba...";36.466;-5.02059;malaga
2.500 â‚¬/mes;Piso en calle de VelÃ¡zquez, 30;/alquilar/piso-puerto_marina29630-43399804524_101800/;Puerto Marina (Distrito BenalmÃ¡dena Costa. BenalmÃ¡dena);2 habs.;2 baÃ±os;120 mÂ²;;Apartamento en esquina. Soleado. Tiene 2 dormitorios (principal con cama doble y el segundo dormitorio con 2 camas individuales, s...;36.5983;-4.51354;malaga
3.150 â‚¬/mes;Piso en Avenida de Playamar, 9;/alquilar/piso-playamar_benyamina-43390251247_101800/;Playamar-Benyamina (Torremolinos);2 habs.;1 baÃ±o;90 mÂ²;;Alquiler vacacional: piso soleado y situado en el mejor sitio de playamar, en primera linea de la playa con sus paseos maritimos l...;36.6285;-4.49189;malaga
2.200 â‚¬/mes;;/alquilar/piso-el_bajondillo-35838504817_101800/;El Bajondillo (Torremolinos);2 habs.;2 baÃ±os;122 mÂ²;5Âª planta;Que puedes encontrar el la prestigiosa urbanizaciÃ³n la nogalera, con bellos jardines y unas fantÃ¡sticas piscinas, con fabulosas vi...;36.6225744;-4.497818;malaga
5.200 â‚¬/mes;;/alquilar/apartamento-sierra_blanca-44211907396_106000/;Sierra Blanca (Distrito Milla de Oro. Marbella);4 habs.;4 baÃ±os;310 mÂ²;;"EsplÃ©ndido apartamento de 292 mÂ² con 4 dormitorios y 4 baÃ±os ubicado en la codiciada zona de la ""milla de oro"". Situado dentro de ...";36.5270752;-4.9174831;malaga
2.700 â‚¬/mes;;/alquilar/apartamento-el_higueron_la_capellania29630-41753517523_100500/;El HiguerÃ³n-La CapellanÃ­a (BenalmÃ¡dena);2 habs.;2 baÃ±os;95 mÂ²;Bajo;"Alquiler larga temporada en urb. El higuieron. A escasos 500m del mar y de la estaciÃ³n de tren de carvajal.
Vistas al mar y a zona...";36.5829212;-4.5954795;malaga
3.000 â‚¬/mes;Piso en calle de Contreras, 22;/alquilar/piso-parque_de_la_paloma-30091285755_501436/;Parque de la Paloma (Distrito BenalmÃ¡dena Costa. BenalmÃ¡dena);2 habs.;1 baÃ±o;75 mÂ²;1Âª planta;"Alquiler de corta temporada!!
No se alquila de larga duracion!! 
Magnifico piso de 2 dormitorios uno con cama doble y el otro con ...";36.59043840874586;-4.531524501282402;malaga
7.500 â‚¬/mes;;/alquilar/casa-costabella_el_rosario_ricmar-32538773339_510461/;Costabella-El Rosario-Ricmar (Distrito Las Chapas. Marbella);5 habs.;5 baÃ±os;410 mÂ²;;"Bonita villa moderna en el rosario (disponible desde 25 febrero.)
Villa para alquiler a largo plazo disponible desde abril. Villa ...";36.5059332;-4.8085164;malaga
1.000 â‚¬/mes;;/alquilar/casa_adosada-velez_malaga_torre_del_mar29740-42549146464_519554/;Torre del Mar (VÃ©lez-MÃ¡laga);4 habs.;3 baÃ±os;160 mÂ²;;Casa vacacional apenas a 100 metros de la playa,capacidad para 8 personas,a 5 minutos a pie de paseo de larios de torre de mar par...;36.738573;-4.0948336;malaga
1.050 â‚¬/mes;;/alquilar/piso-pinares_de_olletas_la_mania_seminario29013-44204368785_998474/;Pinares de Olletas-La ManÃ­a-Seminario (Distrito Centro. MÃ¡laga Capital);3 habs.;2 baÃ±os;108 mÂ²;1Âª planta;Este encantador piso de 90mÂ² y terraza de 18 mÂ² se encuentra en la zona de pinares de olletas-la manÃ­a-seminario en mÃ¡laga capital...;36.737247;-4.4152583;malaga
8.950 â‚¬/mes;Chalet unifamiliar en calle Benahavis Hills Country Club, nÂº 12;/alquilar/chalet_unifamiliar-benahavis_nucleo-41667957397_527703/;NÃºcleo (BenahavÃ­s);5 habs.;7 baÃ±os;613 mÂ²;;Superficie total 613 mÂ², chalet unifamiliar superficie solar 1100 mÂ², superficie Ãºtil 612 mÂ², hab. Individuales: 5, habitaciones d...;36.52446728831346;-5.046304074847094;malaga
1.300 â‚¬/mes;;/alquilar/apartamento-la_chullera-44187385714_100500/;La Chullera (Manilva);2 habs.;2 baÃ±os;100 mÂ²;Bajo;Propiedad situada a unos 200m aproximadamente de la playa chullera. Se puede acceder andado desde la misma por el camino habilitad...;36.3389116;-5.2520828;malaga
2.000 â‚¬/mes;Piso en calle Pico Alcazaba, 21;/alquilar/piso-el_paraiso_atalaya_benamara-45024473495_100500/;El ParaÃ­so-Atalaya-Benamara (Estepona);2 habs.;2 baÃ±os;100 mÂ²;2Âª planta;"Atalaya, estepona. Agencias abstenerse
Apartamento de 2 dormitorios y 2 baÃ±os. La urbanizaciÃ³n cuenta con mÃ¡s de 25.000 mÂ² de jard...";36.4903;-5.01887;malaga
3.000 â‚¬/mes;Ãtico en calle Bolivia, 260;/alquilar/atico-pedregalejo29017-15888381384_992766/;Pedregalejo (Distrito Este. MÃ¡laga Capital);1 hab.;1 baÃ±o;60 mÂ²;;Amplio y luminoso Ã¡tico en la playa de pedregalejo,  abstenerse fines turisticos,  se alquila totalmete amueblado, vistas muy boni...;36.72052514133136;-4.370151143643172;malaga
900 â‚¬/mes;;/alquilar/piso-rincon_de_la_victoria_la_cala_del_moral29720-44243852828_100500/;La Cala del Moral (RincÃ³n de la Victoria);1 hab.;;90 mÂ²;Bajo;Descubre este encantador piso en la cala del moral de alquiler temporal, ideal para aquellos que buscan comodidad y calidad de vid...;36.718435143;-4.307071444;malaga
2.500 â‚¬/mes;;/alquilar/piso-urbanizacion_calahonda_golf_riviera_del_sol_mirafl-43420874177_100500/;UrbanizaciÃ³n Calahonda-Golf-Riviera del Sol-Miraflores (Distrito Mijas Costa. Mijas);3 habs.;2 baÃ±os;160 mÂ²;2Âª planta;Precioso piso en primera lÃ­nea de playa. 3 dormitorios dobles frontales al mar, dos baÃ±os completos uno de ellos en suite. Todos l...;36.492243881;-4.702294416;malaga
1.000 â‚¬/mes;;/alquilar/apartamento-cortijo_de_torrequebrada29630-45041385147_528096/;Cortijo de Torrequebrada (Distrito BenalmÃ¡dena Costa. BenalmÃ¡dena);1 hab.;1 baÃ±o;50 mÂ²;2Âª planta;"Excelente piso con  estupendas vistas al mar. Para pareja o persona sola. 
Todos los muebles nuevos.
48mÂ²
1 dormitorio  con cama m...";36.5857625;-4.534737;malaga
2.500 â‚¬/mes;Ãtico en calle Bolivia, 260;/alquilar/atico-pedregalejo29017-945856909322647_109700/;Pedregalejo (Distrito Este. MÃ¡laga Capital);1 hab.;1 baÃ±o;60 mÂ²;;Precioso Ã¡tico en la playa de pedregalejo, se alquila hasta el 15 de septiembre, abstenerse fines turÃ­sticos, prohibido mascotas, ...;36.7199;-4.36757;malaga
2.500 â‚¬/mes;;/alquilar/apartamento-martiricos_la_roca29009-43355016993_108500/;Martiricos-La Roca (Distrito La Rosaleda-La Roca. MÃ¡laga Capital);2 habs.;2 baÃ±os;85 mÂ²;;Exclusiva propiedad en planta 28 en la torre urban. La vivienda  forma parte del conjunto mÃ¡s innovador y con mÃ¡s altura de toda a...;36.7309548;-4.4268935;malaga
2.200 â‚¬/mes;;/alquilar/apartamento-martiricos_la_roca29009-43340877698_108500/;Martiricos-La Roca (Distrito La Rosaleda-La Roca. MÃ¡laga Capital);2 habs.;2 baÃ±os;78 mÂ²;;Exclusiva propiedad en planta 26 en la torre urban. La vivienda forma parte del conjunto mÃ¡s innovador y con mÃ¡s altura de toda an...;36.7316612;-4.4268376;malaga
1.500 â‚¬/mes;;/alquilar/piso-la_aurora_la_alameda29002-45080863767_100500/;La Aurora-La Alameda (Distrito Cruz de Humilladero. MÃ¡laga Capital);2 habs.;1 baÃ±o;90 mÂ²;5Âª planta;Piso de 90 mÂ² con 2 dormitorios (antes 3), reformado y amueblado. Cocina totalmente amueblada y equipada, pequeÃ±o lavadero, aire a...;36.7161634;-4.4305305;malaga
2.000 â‚¬/mes;Piso en UrbanizaciÃ³n Dominion Beach;/alquilar/piso-el_padron_el_velerin_voladilla-945856909051740_109700/;Altos de Estepona (Estepona);2 habs.;3 baÃ±os;150 mÂ²;Bajo;Se alquilan apartamentos de lujo en primera lÃ­nea del mar en la emblemÃ¡tica urbanizaciÃ³n dominion beach. Para corta y larga tempor...;36.4763;-5.16406;malaga
1.600 â‚¬/mes;;/alquilar/piso-selwo29680-43385085450_518522/;Selwo (Estepona);3 habs.;2 baÃ±os;80 mÂ²;2Âª planta;Se alquila un acogedor apartamento en la zona de selwo, en estepona. Este inmueble se encuentra en una segunda altura y cuenta con...;36.462041;-5.076222;malaga
2.600 â‚¬/mes;;/alquilar/piso-la_malagueta_monte_sancha-45897888337_528551/;La Malagueta-Monte Sancha (Distrito Centro. MÃ¡laga Capital);4 habs.;3 baÃ±os;242 mÂ²;9Âª planta;Altura piso 9Âº, piso.;36.719685;-4.408772;malaga
1.100 â‚¬/mes;Piso en calle de San QuintÃ­n, 52;/alquilar/piso-la_trinidad_marmoles_perchel_norte29009-35915626602_501323/;La Trinidad-MÃ¡rmoles-Perchel Norte (Distrito Centro. MÃ¡laga Capital);1 hab.;1 baÃ±o;55 mÂ²;2Âª planta;Â¿Buscas una vivienda nueva y equipada en una zona privilegiada de mÃ¡laga? Este piso para alquiler de larga temporada estÃ¡ listo pa...;36.724746925489555;-4.430278995955803;malaga
1.450 â‚¬/mes;;/alquilar/apartamento-los_monteros_bahia_de_marbella29603-36711806580_108400/;Los Monteros-BahÃ­a de Marbella (Distrito Las Chapas. Marbella);2 habs.;2 baÃ±os;90 mÂ²;2Âª planta;Septiembre a junio - precioso apartamento totalmente amueblado orientado al sur, con vistas sobre la piscina comunitaria y el jard...;36.50542598;-4.822504695;malaga
1.000 â‚¬/mes;;/alquilar/piso-la_trinidad_marmoles_perchel_norte29009-44180519857_100500/;La Trinidad-MÃ¡rmoles-Perchel Norte (Distrito Centro. MÃ¡laga Capital);1 hab.;1 baÃ±o;55 mÂ²;5Âª planta;MÃ¡laga estÃ¡ de moda, es una ciudad estupenda que te enamorarÃ¡ y tiene infinidad de cosas que ofrecerte. Â¿Vienes a mÃ¡laga a trabaja...;36.7272086;-4.4287918;malaga
50 â‚¬/dÃ­a;Apartamento en calle del Mar;/alquilar/apartamento-velez_malaga_torre_del_mar29740-12521451793_103200/;Torre del Mar (VÃ©lez-MÃ¡laga);1 hab.;1 baÃ±o;50 mÂ²;;"Alquiler vacacional
Consultar precios de las diferentes temporadas
FantÃ¡stico Ã¡tico con 1 dormitorio ...";36.7401;-4.09321;malaga
3.500 â‚¬/mes;;/alquilar/piso-las_chapas_elviria-41715707717_102100/;Elviria (Distrito Las Chapas. Marbella);3 habs.;3 baÃ±os;231 mÂ²;;Gilmar consulting inmobiliario presenta este inmueble ubicado en marbella este, en la provincia de mÃ¡laga. Se trata de un bajo de ...;36.5105231;-4.7828914;malaga
4.000 â‚¬/mes;;/alquilar/apartamento-las_chapas_rio_real-41743414344_102100/;RÃ­o Real (Distrito Las Chapas. Marbella);3 habs.;3 baÃ±os;150 mÂ²;;Gilmar consulting inmobiliario presenta este espectacular apartamento en la exclusiva zona de marbella de 150 mÂ² construidos y 140...;36.5308859;-4.8882045;malaga
1.100 â‚¬/mes;;/alquilar/piso-la_victoria_conde_urena29012-7564248363_100500/;La Victoria-Conde UreÃ±a (Distrito Centro. MÃ¡laga Capital);2 habs.;2 baÃ±os;100 mÂ²;1Âª planta;Este piso sin amueblar y con plaza de garaje es uno de esos que llama la atenciÃ³n desde el primer momento. No sabemos si es culpa ...;36.7272351;-4.4125724;malaga
1.000 â‚¬/mes;;/alquilar/piso-la_trinidad_marmoles_perchel_norte29009-5066618907_100500/;La Trinidad-MÃ¡rmoles-Perchel Norte (Distrito Centro. MÃ¡laga Capital);1 hab.;1 baÃ±o;53 mÂ²;7Âª planta;MÃ¡laga estÃ¡ de moda, es una ciudad estupenda que te enamorarÃ¡ y tiene infinidad de cosas que ofrecerte. Â¿Vienes a mÃ¡laga a trabaja...;36.7272086;-4.4287918;malaga
950 â‚¬/sem;Apartamento en Avenida de RocÃ­o Jurado, 1;/alquilar/apartamento-parque_de_la_paloma-43421186233_997012/;Parque de la Paloma (Distrito BenalmÃ¡dena Costa. BenalmÃ¡dena);1 hab.;1 baÃ±o;60 mÂ²;9Âª planta;Quiere pasar sus vacaciones en una de las urbanizaciones mÃ¡s demandadas de benalmÃ¡dena? Pues no desaproveche esta oportunidad y fÃ­...;36.589874;-4.5293956;malaga
1.450 â‚¬/mes;;/alquilar/apartamento-los_monteros_bahia_de_marbella29604-35847270291_108400/;Los Monteros-BahÃ­a de Marbella (Distrito Las Chapas. Marbella);2 habs.;2 baÃ±os;115 mÂ²;1Âª planta;Septiembre a junio. Apartamento en 1Âª planta completamente amueblado y orientado al sureste con vistas al jardÃ­n tropical de alica...;36.505215314;-4.813981776;malaga
900 â‚¬/mes;;/alquilar/apartamento-urbanizacion_el_hacho_la_duquesa_golf-45087519589_100500/;UrbanizaciÃ³n El Hacho-La Duquesa Golf (Manilva);2 habs.;2 baÃ±os;80 mÂ²;1Âª planta;"Apartamento en alquiler larga temporada en duquesa, manilva
Piso  en  primera  planta sin ascensor con terraza en alquiler larga t...";36.355573;-5.2381086;malaga
109 â‚¬/dÃ­a;;/alquilar/apartamento-velez_malaga_torre_del_mar29740-13380943410_103200/;Torre del Mar (VÃ©lez-MÃ¡laga);1 hab.;1 baÃ±o;55 mÂ²;;"Alquiler vacacional
Consultar tarifas de los diferentes perÃ­odos
Bonito apartamento en la avenida tor...";36.7360825;-4.0974771;malaga
850 â‚¬/mes;;/alquilar/atico-torrox_nucleo29770-43360621164_109300/;NÃºcleo (Torrox);1 hab.;1 baÃ±o;;;Â¡Bienvenido a tu refugio urbano ideal! Este espacioso Ã¡tico de un dormitorio cuenta con una gran terraza, perfecta para disfrutar ...;36.755019137;-3.950997043;malaga
1.650 â‚¬/mes;;/alquilar/apartamento-los_naranjos_las_brisas29660-9264880158_108400/;Los Naranjos-Las Brisas (Distrito Nueva AndalucÃ­a. Marbella);2 habs.;2 baÃ±os;135 mÂ²;1Âª planta;Se alquila larga temporada solamente a residentes en marbella todo el aÃ±o. Apartamento en 1Âª planta parcialmente amueblado orienta...;36.5094624;-4.9660678;malaga
1.200 â‚¬/mes;;/alquilar/piso-parque_victoria_sierra_cortijos29738-44225645188_169500/;Parque Victoria-Sierra-Cortijos (RincÃ³n de la Victoria);3 habs.;2 baÃ±os;119 mÂ²;2Âª planta;Piso con garaje, piscina y bonitas vistas al mar. Vivienda amueblada de 119 mÂ² construidos  (107 mÂ² Ãºtiles) que se distribuyen en ...;36.72703;-4.3030119;malaga
113 â‚¬/dÃ­a;;/alquilar/apartamento-velez_malaga_torre_del_mar29740-13348689255_103200/;Torre del Mar (VÃ©lez-MÃ¡laga);2 habs.;1 baÃ±o;70 mÂ²;;"Alquiler vacacional
Consultar precios de las diferentes temporadas
Apartamento en perfecto estado muy...";36.7394245;-4.0986188;malaga
108 â‚¬/dÃ­a;;/alquilar/piso-velez_malaga_torre_del_mar29740-12594389769_103200/;Torre del Mar (VÃ©lez-MÃ¡laga);3 habs.;2 baÃ±os;90 mÂ²;;"Alquiler vacacional
Consultar precios de las diferentes temporadas
En el paseo de larios, al lado del...";36.7398661;-4.0930306;malaga
1.000 â‚¬/sem;Apartamento en calle RÃ­o Elba, 1;/alquilar/apartamento-la_campana_altos_del_rodeo-45878336784_997232/;La Campana-Altos del Rodeo (Distrito Nueva AndalucÃ­a. Marbella);1 hab.;1 baÃ±o;75 mÂ²;2Âª planta;En marbella, se encuentra este encantador apartamento en alquiler vacacional. Con una superficie total de 75 mÂ² y 1 habitaciÃ³n ind...;36.48915;-4.967351;malaga
1.600 â‚¬/mes;;/alquilar/piso-el_ejido_cristo_de_la_epidemia_olletas_san_miguel2-45066611904_104700/;El Ejido-Cristo de la Epidemia-Olletas-San Miguel (Distrito Centro. MÃ¡laga Capital);2 habs.;2 baÃ±os;90 mÂ²;;Te presentamos este increÃ­ble piso de 90 mÂ² que te enamorarÃ¡ desde el primer vistazo. Este hermoso espacio ha sido meticulosamente...;36.7282734;-4.4145797;malaga
