precio;sub_descr;href;ubicacion;habitaciones;banios;mt2;otros;publicado_hace;plataforma;CCAA
1.357€;Spacious stone house in Potes Cantabria;https://rd.clk.thribee.com/id.1L4vC1P1ctJ/origin.1/section.1/section_type.2/country.es/vertical.homes/iuid.121604trovit-web-86bb757b58-mvfh666817d31c27fe/tracking.%7B%22cmp%22%3A%22u%22%7D/what_d.provincia%20cantabria/type.2/page.1/cookieid.10200130166817d31aa2c79.55614261/pos.1/;39570, Camaleño, Provincia de Cantabria;2  habitaciones;1  baños;78  m²;The location of the house allows some privacy and relaxation without forgetting the communication with the historic center of the town of Potes w...;Hace 13 días;Rentola;Cantabria
600€;Estudio en Cantabria;https://rd.clk.thribee.com/id.1i1T6e4u1Lq/origin.1/section.1/section_type.2/country.es/vertical.homes/iuid.121604trovit-web-86bb757b58-mvfh666817d31c27fe/tracking.%7B%22cmp%22%3A%22u%22%7D/what_d.provincia%20cantabria/type.2/page.1/cookieid.10200130166817d31aa2c79.55614261/pos.2/;39792, Santander, Provincia de Cantabria;1  habitaciones;1  baños;40  m²;DISCLAIMER: By clicking the contact button, you will be able to get in touch with the property manager partner and to rent your home 100% online...;Hace 13 días;Rentola;Cantabria
1.767€;Alterhome - Cozy apartment in Cantabria;https://rd.clk.thribee.com/id.1T1t51T1oi1P1Y/origin.1/section.1/section_type.2/country.es/vertical.homes/iuid.121604trovit-web-86bb757b58-mvfh666817d31c27fe/tracking.%7B%22cmp%22%3A%22u%22%7D/what_d.provincia%20cantabria/type.2/page.1/cookieid.10200130166817d31aa2c79.55614261/pos.3/;39310, Miengo, Provincia de Cantabria;4  habitaciones;1  baños;60  m²;This accommodation in Mogro is the perfect place to stay during your vacation. With two bedrooms and capacity for four people, the apartment is s...;Hace 13 días;Rentola;Cantabria
1.100€;Piso completo de 2 dormitorios en Cantabria;https://rd.clk.thribee.com/id.1Xk1g1lwh1WF/origin.1/section.1/section_type.2/country.es/vertical.homes/iuid.121604trovit-web-86bb757b58-mvfh666817d31c27fe/tracking.%7B%22cmp%22%3A%22u%22%7D/what_d.provincia%20cantabria/type.2/page.1/cookieid.10200130166817d31aa2c79.55614261/pos.4/;39619, Valdáliga, Provincia de Cantabria;2  habitaciones;1  baños;45  m²;DISCLAIMER: By clicking the contact button, you will be able to get in touch with the property manager partner and to rent your home 100% online...;Hace 13 días;Rentola;Cantabria
750€;Great Two Bedroom Apartment close to University of Cantabria;https://rd.clk.thribee.com/id.1e8SM15h1C1p/origin.1/section.1/section_type.2/country.es/vertical.homes/iuid.121604trovit-web-86bb757b58-mvfh666817d31c27fe/tracking.%7B%22cmp%22%3A%22u%22%7D/what_d.provincia%20cantabria/type.2/page.1/cookieid.10200130166817d31aa2c79.55614261/pos.5/;39005, Santander, Provincia de Cantabria;2  habitaciones;1  baños;-;Rental period for this listing is between 3. 24 months...;Hace 13 días;Rentola;Cantabria
1.050€;Modern 3-bedroom apartment near Universidad de Cantabria;https://rd.clk.thribee.com/id.aDmk1z1G61b/origin.1/section.1/section_type.2/country.es/vertical.homes/iuid.121604trovit-web-86bb757b58-mvfh666817d31c27fe/tracking.%7B%22cmp%22%3A%22u%22%7D/what_d.provincia%20cantabria/type.2/page.1/cookieid.10200130166817d31aa2c79.55614261/pos.6/;39001, Santander, Provincia de Cantabria;3  habitaciones;2  baños;-;Rental period for this listing is between 3. 24 months...;Hace 13 días;Rentola;Cantabria
450€;Comfortable single bedroom close to Universidad de Cantabria;https://rd.clk.thribee.com/id.1oV1b151UW1n1-/origin.1/section.1/section_type.2/country.es/vertical.homes/iuid.121604trovit-web-86bb757b58-mvfh666817d31c27fe/tracking.%7B%22cmp%22%3A%22u%22%7D/what_d.provincia%20cantabria/type.2/page.1/cookieid.10200130166817d31aa2c79.55614261/pos.7/;39006, Santander, Provincia de Cantabria;3  habitaciones;1  baños;-;Rental period for this listing is between 3. 24 months...;Hace 5 días;Rentola;Cantabria
1.000€;Piso completo de 1 dormitorio en Cantabria;https://rd.clk.thribee.com/id.v1A1QlB1z1H1X/origin.1/section.1/section_type.2/country.es/vertical.homes/iuid.121604trovit-web-86bb757b58-mvfh666817d31c27fe/tracking.%7B%22cmp%22%3A%22u%22%7D/what_d.provincia%20cantabria/type.2/page.1/cookieid.10200130166817d31aa2c79.55614261/pos.8/;39619, Valdáliga, Provincia de Cantabria;1  habitaciones;1  baños;45  m²;DISCLAIMER: By clicking the contact button, you will be able to get in touch with the property manager partner and to rent your home 100% online...;Hace 13 días;Rentola;Cantabria
750€;Piso completo de 1 dormitorio en Cantabria;https://rd.clk.thribee.com/id.1za1_1u1_11a1i/origin.1/section.1/section_type.2/country.es/vertical.homes/iuid.121604trovit-web-86bb757b58-mvfh666817d31c27fe/tracking.%7B%22cmp%22%3A%22u%22%7D/what_d.provincia%20cantabria/type.2/page.1/cookieid.10200130166817d31aa2c79.55614261/pos.9/;39792, Santander, Provincia de Cantabria;1  habitaciones;1  baños;40  m²;DISCLAIMER: By clicking the contact button, you will be able to get in touch with the property manager partner and to rent your home 100% online...;Hace 13 días;Rentola;Cantabria
880€;Marvellous 3-bedroom apartment near Universidad de Cantabria;https://rd.clk.thribee.com/id.3Oc1zS1JHL/origin.1/section.1/section_type.2/country.es/vertical.homes/iuid.121604trovit-web-86bb757b58-mvfh666817d31c27fe/tracking.%7B%22cmp%22%3A%22u%22%7D/what_d.provincia%20cantabria/type.2/page.1/cookieid.10200130166817d31aa2c79.55614261/pos.10/;39005, Santander, Provincia de Cantabria;3  habitaciones;1  baños;-;Estancia máxima de 9 meses. Edad máxima. 40 años Rental period for this listing is between 3. 24 months...;Hace 13 días;Rentola;Cantabria
900€;Elsa's Whim;https://rd.clk.thribee.com/id.21eqhY1z1h1J/origin.1/section.1/section_type.2/country.es/vertical.homes/iuid.121604trovit-web-86bb757b58-mvfh666817d31c27fe/tracking.%7B%22cmp%22%3A%22u%22%7D/what_d.provincia%20cantabria/type.2/page.1/cookieid.10200130166817d31aa2c79.55614261/pos.11/;39560, Provincia de Cantabria;3  habitaciones;1  baños;40  m²;Unquera is a charming town located in the north of Spain, in the autonomous community of Cantabria. Surrounded by a stunning mountain...;Hace 13 días;Rentola;Cantabria
2.111€;Cozy Rural House Oreña;https://rd.clk.thribee.com/id.1S1OKgW141do/origin.1/section.1/section_type.2/country.es/vertical.homes/iuid.121604trovit-web-86bb757b58-mvfh666817d31c27fe/tracking.%7B%22cmp%22%3A%22u%22%7D/what_d.provincia%20cantabria/type.2/page.1/cookieid.10200130166817d31aa2c79.55614261/pos.12/;39525, Provincia de Cantabria;6  habitaciones;1  baños;140  m²;...or the town of Comillas with its particular charm. This villa is of great scenic interest as it is located on the Central Coast of Cantabria...;Hace 8 días;Rentola;Cantabria
700€;Ático En alquiler Calle Tantín, Santander, Centro - Ayuntamiento, Santander;https://rd.clk.thribee.com/id.19e_1B_Ntb/origin.1/section.1/section_type.2/country.es/vertical.homes/iuid.121604trovit-web-86bb757b58-mvfh666817d31c27fe/tracking.%7B%22cmp%22%3A%22u%22%7D/what_d.provincia%20cantabria/type.2/page.1/cookieid.10200130166817d31aa2c79.55614261/pos.13/;39001, Santander, Provincia de Cantabria;1  habitaciones;1  baños;50  m²;...Cantabria y el centro cultural CASYC. Contrato para larga estancia, año completo prorrogable. *Se requiere trabajo estable, solvencia...;Hace 1 día;Rentola;Cantabria
1.000€;Santander 39619 1ES63643-;https://rd.clk.thribee.com/id.WQb1yo1458/origin.1/section.1/section_type.2/country.es/vertical.homes/iuid.121604trovit-web-86bb757b58-mvfh666817d31c27fe/tracking.%7B%22cmp%22%3A%22u%22%7D/what_d.provincia%20cantabria/type.2/page.1/cookieid.10200130166817d31aa2c79.55614261/pos.14/;39619, Santander, Provincia de Cantabria;-;1  baños;-;TRV63643---. Piso completo de 1 dormitorio en Cantabria...;Hace +30 días;Listanza;Cantabria
5.214€;Se alquila casa individual en Guriezo;https://rd.clk.thribee.com/id.1nM71z01Q1P1H/origin.1/section.1/section_type.2/country.es/vertical.homes/iuid.121604trovit-web-86bb757b58-mvfh666817d31c27fe/tracking.%7B%22cmp%22%3A%22u%22%7D/what_d.provincia%20cantabria/type.2/page.1/cookieid.10200130166817d31aa2c79.55614261/pos.15/;39788, Guriezo, Provincia de Cantabria;3  habitaciones;2  baños;100  m²;...disfrutar de los días y noches de verano de relax. Precio orientativo: 1.200 semana. Consultar fechas y precios en el Garanty Home Cantabria...;Hace 13 días;Rentola;Cantabria
708€;Alterhome - Beautiful apartment in Unquera;https://rd.clk.thribee.com/id.Xt-1Q1SM1N5/origin.1/section.1/section_type.2/country.es/vertical.homes/iuid.121604trovit-web-86bb757b58-mvfh666817d31c27fe/tracking.%7B%22cmp%22%3A%22u%22%7D/what_d.provincia%20cantabria/type.2/page.1/cookieid.10200130166817d31aa2c79.55614261/pos.16/;39560, Provincia de Cantabria;2  habitaciones;1  baños;45  m²;The apartment is spacious and bright, with sea views. It is located just a few steps from the beautiful sandy beach, which means that you can enj...;Hace 13 días;Rentola;Cantabria
1.100€;2 dormitorio, Santander 39619 1ES63038-;https://rd.clk.thribee.com/id.1FU1C1l1-LG1t/origin.1/section.1/section_type.2/country.es/vertical.homes/iuid.121604trovit-web-86bb757b58-mvfh666817d31c27fe/tracking.%7B%22cmp%22%3A%22u%22%7D/what_d.provincia%20cantabria/type.2/page.1/cookieid.10200130166817d31aa2c79.55614261/pos.17/;39619, Santander, Provincia de Cantabria;2  habitaciones;1  baños;-;TRV63038---. Piso completo de 2 dormitorios en Cantabria...;Hace +30 días;Listanza;Cantabria
1.100€;2 dormitorio, Santander 39360 1ES61247-;https://rd.clk.thribee.com/id.pX191T1n141EV/origin.1/section.1/section_type.2/country.es/vertical.homes/iuid.121604trovit-web-86bb757b58-mvfh666817d31c27fe/tracking.%7B%22cmp%22%3A%22u%22%7D/what_d.provincia%20cantabria/type.2/page.1/cookieid.10200130166817d31aa2c79.55614261/pos.18/;39360, Santander, Provincia de Cantabria;2  habitaciones;1  baños;-;TRV61247---. Piso completo de 2 dormitorios en Cantabria...;Hace +30 días;Listanza;Cantabria
650€;Piso en Santander;https://rd.clk.thribee.com/id.s1CJ1d1r1qN1A/origin.1/section.1/section_type.2/country.es/vertical.homes/iuid.121604trovit-web-86bb757b58-mvfh666817d31c27fe/tracking.%7B%22cmp%22%3A%22u%22%7D/what_d.provincia%20cantabria/type.2/page.1/cookieid.10200130166817d31aa2c79.55614261/pos.19/;39002, Santander, Provincia de Cantabria;2  habitaciones;1  baños;61  m²;...Cantabria. El inmueble se distribuye en dos dormitorios, salón, cocina amueblada y equipada, y un baño, dispone de una pequeña terraza...;Hace 1 día;Rentola;Cantabria
3.380€;4 Bedroom Apartment;https://rd.clk.thribee.com/id.I1l1dNu1dC1d/origin.1/section.1/section_type.2/country.es/vertical.homes/iuid.121604trovit-web-86bb757b58-mvfh666817d31c27fe/tracking.%7B%22cmp%22%3A%22u%22%7D/what_d.provincia%20cantabria/type.2/page.1/cookieid.10200130166817d31aa2c79.55614261/pos.20/;39707, Castro-Urdiales, Provincia de Cantabria;4  habitaciones;2  baños;75  m²;...via the A-8 Cantábrico motorway. Otañes is a quiet town located in a green valley. It belongs to the Autonomous Community of Cantabria...;Hace 13 días;Rentola;Cantabria
350€;Habitación en piso compartido en Santander;https://rd.clk.thribee.com/id.11u01e1y1y1G1b/origin.1/section.1/section_type.2/country.es/vertical.homes/iuid.121604trovit-web-86bb757b58-mvfh666817d31c27fe/tracking.%7B%22cmp%22%3A%22u%22%7D/what_d.provincia%20cantabria/type.2/page.1/cookieid.10200130166817d31aa2c79.55614261/pos.21/;Santander, Provincia de Cantabria;4  habitaciones;-;-;DISCLAIMER: By clicking the contact button, you will be able to get in touch with the property manager partner and to rent your home 100% online...;Hace 13 días;Rentola;Cantabria
650€;Excelente piso en Peñacastillo con 2 habitaciones y parking;https://rd.clk.thribee.com/id.19PNhQ1oO1h/origin.1/section.1/section_type.2/country.es/vertical.homes/iuid.121604trovit-web-86bb757b58-mvfh666817d31c27fe/tracking.%7B%22cmp%22%3A%22u%22%7D/what_d.provincia%20cantabria/type.2/page.1/cookieid.10200130166817d31aa2c79.55614261/pos.22/;39011, Santander, Provincia de Cantabria;2  habitaciones;1  baños;75  m²;Bonito piso en Peñacastillo cerca del “Go Fit” compuesto por 2 habitaciones, salón, cocina equipada y baño, exterior muy luminoso al sur, calefac...;Hace 13 días;Rentola;Cantabria
1.103€;2 dormitorio, Los Corrales de Buelna 39400 1ES68465-;https://rd.clk.thribee.com/id.1A1vJ1h124p1I/origin.1/section.1/section_type.2/country.es/vertical.homes/iuid.121604trovit-web-86bb757b58-mvfh666817d31c27fe/tracking.%7B%22cmp%22%3A%22u%22%7D/what_d.provincia%20cantabria/type.2/page.1/cookieid.10200130166817d31aa2c79.55614261/pos.23/;39400, Los Corrales de Buelna, Provincia de Cantabria;2  habitaciones;-;-;TRV68465---. Esta casa se encuentra en Los Corrales de Buelna Los Corrales de Buelna 39400. Tiene 2 dormitorios. Esta 2 dormitorio apartamentos e...;Hace 6 días;Listanza;Cantabria
900€;2 dormitorio, Santander 39001 1ES73271-;https://rd.clk.thribee.com/id.0z1CHjG1X/origin.1/section.1/section_type.2/country.es/vertical.homes/iuid.121604trovit-web-86bb757b58-mvfh666817d31c27fe/tracking.%7B%22cmp%22%3A%22u%22%7D/what_d.provincia%20cantabria/type.2/page.1/cookieid.10200130166817d31aa2c79.55614261/pos.24/;39001, Santander, Provincia de Cantabria;2  habitaciones;-;-;TRV73271---. Esta casa se encuentra en Santander Santander 39001. Tiene 2 dormitorios. Esta 2 dormitorio apartamentos en Santander Santander es p...;Hace 6 días;Listanza;Cantabria
900€;2 dormitorio, Santander 39003 1ES70737-;https://rd.clk.thribee.com/id.1131E111L1u1P1L/origin.1/section.1/section_type.2/country.es/vertical.homes/iuid.121604trovit-web-86bb757b58-mvfh666817d31c27fe/tracking.%7B%22cmp%22%3A%22u%22%7D/what_d.provincia%20cantabria/type.2/page.1/cookieid.10200130166817d31aa2c79.55614261/pos.25/;39003, Santander, Provincia de Cantabria;2  habitaciones;1  baños;-;TRV70737---. Apartamento entero de 2 dormitorios en Santander...;Hace 6 días;Listanza;Cantabria
600€;Santander 39478 1ES52091-;https://rd.clk.thribee.com/id.17111W1k1H15xM/origin.1/section.1/section_type.2/country.es/vertical.homes/iuid.71652trovit-web-86bb757b58-r2j8s66817d3512f4a/tracking.%7B%22cmp%22%3A%22u%22%7D/what_d.provincia%20cantabria/type.2/page.2/cookieid.102012066817d34ed8e31.65688500/pos.1/;39478, Santander, Provincia de Cantabria;-;1  baños;-;TRV52091---. Esta casa se encuentra en Santander Santander 39478. Tiene 0 dormitorio, 1 baño. Esta 0 dormitorio apartamentos en Santander Santand...;Hace +30 días;Listanza;Cantabria
2.762€;Peaks, Sands, City, Work Bliss room 8;https://rd.clk.thribee.com/id.1C1e1k1u_1s1p6/origin.1/section.1/section_type.2/country.es/vertical.homes/iuid.71652trovit-web-86bb757b58-r2j8s66817d3512f4a/tracking.%7B%22cmp%22%3A%22u%22%7D/what_d.provincia%20cantabria/type.2/page.2/cookieid.102012066817d34ed8e31.65688500/pos.2/;39709, Castro-Urdiales, Provincia de Cantabria;1  habitaciones;-;791  m²;Welcome to our idyllic countryside retreat nestled in a picturesque valley, surrounded by majestic mountains, with convenient access to the beach...;Hace 19 días;Rentola;Cantabria
1.950€;2 dormitorio, Santander 39003 1ES58190-;https://rd.clk.thribee.com/id.01981T1p1W2i/origin.1/section.1/section_type.2/country.es/vertical.homes/iuid.71652trovit-web-86bb757b58-r2j8s66817d3512f4a/tracking.%7B%22cmp%22%3A%22u%22%7D/what_d.provincia%20cantabria/type.2/page.2/cookieid.102012066817d34ed8e31.65688500/pos.3/;39003, Santander, Provincia de Cantabria;2  habitaciones;-;-;TRV58190---. Esta casa se encuentra en Santander Santander 39003. Tiene 2 dormitorios. Esta 2 dormitorio apartamentos en Santander Santander es p...;Hace +30 días;Listanza;Cantabria
590€;Piso reformado con 2 habitaciones zona Calle Burgos;https://rd.clk.thribee.com/id.1-1D1u1QW1Gl/origin.1/section.1/section_type.2/country.es/vertical.homes/iuid.71652trovit-web-86bb757b58-r2j8s66817d3512f4a/tracking.%7B%22cmp%22%3A%22u%22%7D/what_d.provincia%20cantabria/type.2/page.2/cookieid.102012066817d34ed8e31.65688500/pos.4/;39010, Santander, Provincia de Cantabria;2  habitaciones;1  baños;65  m²;Bonito piso todo reformado en Calle Isaac Peral, cerca de Calle Burgos compuesto por 2 habitaciones, salón, cocina equipada y baño, calefacción i...;Hace 13 días;Rentola;Cantabria
750€;1 dormitorio, Santander N/D 1ES48767-;https://rd.clk.thribee.com/id.121j31c1m10Hk/origin.1/section.1/section_type.2/country.es/vertical.homes/iuid.71652trovit-web-86bb757b58-r2j8s66817d3512f4a/tracking.%7B%22cmp%22%3A%22u%22%7D/what_d.provincia%20cantabria/type.2/page.2/cookieid.102012066817d34ed8e31.65688500/pos.5/;Santander, Provincia de Cantabria;1  habitaciones;1  baños;-;TRV48767---. Esta casa se encuentra en Santander Santander N/D. Tiene 1 dormitorio, 1 baño. Esta 1 dormitorio apartamentos en Santander Santander...;Hace +30 días;Listanza;Cantabria
837€;Santander 39560 1ES62904-;https://rd.clk.thribee.com/id.1D1x_131q1_1kN/origin.1/section.1/section_type.2/country.es/vertical.homes/iuid.71652trovit-web-86bb757b58-r2j8s66817d3512f4a/tracking.%7B%22cmp%22%3A%22u%22%7D/what_d.provincia%20cantabria/type.2/page.2/cookieid.102012066817d34ed8e31.65688500/pos.6/;39560, Santander, Provincia de Cantabria;-;1  baños;-;TRV62904---. Piso entero de 1 dormitorio en Unquera...;Hace +30 días;Listanza;Cantabria
1.200€;Apartamento tipo estudio en alquiler en Santander;https://rd.clk.thribee.com/id.1-O161SH81Lp/origin.1/section.1/section_type.2/country.es/vertical.homes/iuid.71652trovit-web-86bb757b58-r2j8s66817d3512f4a/tracking.%7B%22cmp%22%3A%22u%22%7D/what_d.provincia%20cantabria/type.2/page.2/cookieid.102012066817d34ed8e31.65688500/pos.7/;34002, Santander, Provincia de Cantabria;1  habitaciones;1  baños;-;DISCLAIMER: By clicking the contact button, you will be able to get in touch with the property manager partner and to rent your home 100% online...;Hace 13 días;Rentola;Cantabria
330€;Santander 39001 1ES48767-;https://rd.clk.thribee.com/id.11cM1-zT1g1-/origin.1/section.1/section_type.2/country.es/vertical.homes/iuid.71652trovit-web-86bb757b58-r2j8s66817d3512f4a/tracking.%7B%22cmp%22%3A%22u%22%7D/what_d.provincia%20cantabria/type.2/page.2/cookieid.102012066817d34ed8e31.65688500/pos.8/;39001, Santander, Provincia de Cantabria;-;-;-;TRV48767---. Esta casa se encuentra en Santander Santander 39001. Tiene 0 dormitorio. Esta 0 dormitorio apartamentos en Santander Santander es pa...;Hace +30 días;Listanza;Cantabria
2.141€;Alterhome - Wonderful accommodation;https://rd.clk.thribee.com/id.1301f1UmA1c1V/origin.1/section.1/section_type.2/country.es/vertical.homes/iuid.71652trovit-web-86bb757b58-r2j8s66817d3512f4a/tracking.%7B%22cmp%22%3A%22u%22%7D/what_d.provincia%20cantabria/type.2/page.2/cookieid.102012066817d34ed8e31.65688500/pos.9/;39360, Suances, Provincia de Cantabria;4  habitaciones;1  baños;45  m²;This wonderful accommodation is a house from the beginning of the 20th century restored in the year 2000, maintaining the image and rustic charm...;Hace 13 días;Rentola;Cantabria
782€;Habitacion en Apartamento de 3 Habitaciones con baño privado;https://rd.clk.thribee.com/id.151Eb1b1z1Q1Nl/origin.1/section.1/section_type.2/country.es/vertical.homes/iuid.71652trovit-web-86bb757b58-r2j8s66817d3512f4a/tracking.%7B%22cmp%22%3A%22u%22%7D/what_d.provincia%20cantabria/type.2/page.2/cookieid.102012066817d34ed8e31.65688500/pos.10/;39011, Santander, Provincia de Cantabria;1  habitaciones;1  baños;-;Room in Avenida Herrera Oria Available from: Book now: Min. Stay: 10 Max. Stay: 18 Deposit: 782 Contract opening costs: Matrícula 250 euros a par...;Hace 13 días;Rentola;Cantabria
750€;Alquiler temporal de Septiembre a Junio;https://rd.clk.thribee.com/id.171F1nx1Dhw1Q/origin.1/section.1/section_type.2/country.es/vertical.homes/iuid.71652trovit-web-86bb757b58-r2j8s66817d3512f4a/tracking.%7B%22cmp%22%3A%22u%22%7D/what_d.provincia%20cantabria/type.2/page.2/cookieid.102012066817d34ed8e31.65688500/pos.11/;39002, Santander, Provincia de Cantabria;2  habitaciones;1  baños;75  m²;Se alquila piso a partir del 16 de Septiembre hasta 30 de Junio, luminoso, con vitas a la bahía. Distribuido en salón, 2 habitaciones, cocina y 1...;Hace 11 días;Rentola;Cantabria
880€;3-Bedroom apartment near the Santander train station;https://rd.clk.thribee.com/id.0pI1rBF171I/origin.1/section.1/section_type.2/country.es/vertical.homes/iuid.71652trovit-web-86bb757b58-r2j8s66817d3512f4a/tracking.%7B%22cmp%22%3A%22u%22%7D/what_d.provincia%20cantabria/type.2/page.2/cookieid.102012066817d34ed8e31.65688500/pos.12/;39008, Santander, Provincia de Cantabria;3  habitaciones;1  baños;-;Estancia máxima de 9 meses. Edad máxima. 40 años Rental period for this listing is between 3. 24 months...;Hace 13 días;Rentola;Cantabria
925€;Amplio piso situado en frente del Corte Inglés;https://rd.clk.thribee.com/id.121Q1tK1AnE6/origin.1/section.1/section_type.2/country.es/vertical.homes/iuid.71652trovit-web-86bb757b58-r2j8s66817d3512f4a/tracking.%7B%22cmp%22%3A%22u%22%7D/what_d.provincia%20cantabria/type.2/page.2/cookieid.102012066817d34ed8e31.65688500/pos.13/;39011, Santander, Provincia de Cantabria;1  habitaciones;2  baños;90  m²;Piso en frente del Corte Inglés compuesto por 3 habitaciones, salón, cocina y 2 baños, uno de ellos en la habitación principal, calefacción indiv...;Hace 13 días;Rentola;Cantabria
600€;Piso en zona alto miranda;https://rd.clk.thribee.com/id.151JVS1M1N1sM/origin.1/section.1/section_type.2/country.es/vertical.homes/iuid.71652trovit-web-86bb757b58-r2j8s66817d3512f4a/tracking.%7B%22cmp%22%3A%22u%22%7D/what_d.provincia%20cantabria/type.2/page.2/cookieid.102012066817d34ed8e31.65688500/pos.14/;39005, Santander, Provincia de Cantabria;1  habitaciones;1  baños;-;Descripción alquiler para estudiantes o trabajadores temporales. Alquiler en temporada escolar desde septiembre de 2024 al 30 junio de 2025. Fant...;Hace 1 día;Rentola;Cantabria
1.680€;2 dormitorio, Santander 39012 1ES67854-;https://rd.clk.thribee.com/id.17s1rAV71Dq/origin.1/section.1/section_type.2/country.es/vertical.homes/iuid.71652trovit-web-86bb757b58-r2j8s66817d3512f4a/tracking.%7B%22cmp%22%3A%22u%22%7D/what_d.provincia%20cantabria/type.2/page.2/cookieid.102012066817d34ed8e31.65688500/pos.15/;39012, Santander, Provincia de Cantabria;2  habitaciones;-;-;TRV67854---. Esta casa se encuentra en Santander Santander 39012. Tiene 2 dormitorios. Esta 2 dormitorio apartamentos en Santander Santander es p...;Hace 6 días;Listanza;Cantabria
575€;Alquiler temporada estudiantes -verano-apartamento reformado;https://rd.clk.thribee.com/id.1A1C4DceQp/origin.1/section.1/section_type.2/country.es/vertical.homes/iuid.71652trovit-web-86bb757b58-r2j8s66817d3512f4a/tracking.%7B%22cmp%22%3A%22u%22%7D/what_d.provincia%20cantabria/type.2/page.2/cookieid.102012066817d34ed8e31.65688500/pos.16/;39001, Santander, Provincia de Cantabria;1  habitaciones;1  baños;56  m²;Descripción se alquila temporada escolar apartamento-estudio interior reformado en el centro hasta el 30 de junio de 2025 – posibilidad de alquil...;Hace 7 días;Rentola;Cantabria
750€;Zona osos todo reformado con 2 habitaciones;https://rd.clk.thribee.com/id.1C1n1uM4G171G/origin.1/section.1/section_type.2/country.es/vertical.homes/iuid.71652trovit-web-86bb757b58-r2j8s66817d3512f4a/tracking.%7B%22cmp%22%3A%22u%22%7D/what_d.provincia%20cantabria/type.2/page.2/cookieid.102012066817d34ed8e31.65688500/pos.17/;39007, Santander, Provincia de Cantabria;2  habitaciones;2  baños;70  m²;Piso todo reformado en General Dávila cerca de los Osos o traída de aguas compuesto por 2 habitaciones, salón, cocina equipada y 2 baños, uno en...;Hace 13 días;Rentola;Cantabria
500€;Zona Colegio Salesianos con 2 habitaciones;https://rd.clk.thribee.com/id.161w171Y91N1t1b/origin.1/section.1/section_type.2/country.es/vertical.homes/iuid.71652trovit-web-86bb757b58-r2j8s66817d3512f4a/tracking.%7B%22cmp%22%3A%22u%22%7D/what_d.provincia%20cantabria/type.2/page.2/cookieid.102012066817d34ed8e31.65688500/pos.18/;39006, Santander, Provincia de Cantabria;2  habitaciones;1  baños;50  m²;Piso en Calle José Escandón con 2 habitaciones, salón, cocina equipada y baño, exterior muy luminoso al sur, calefacción individual gas, todo amu...;Hace 4 días;Rentola;Cantabria
675€;Piso zona Calle Alta reformado con 3 habitaciones;https://rd.clk.thribee.com/id.191hM1219481o/origin.1/section.1/section_type.2/country.es/vertical.homes/iuid.71652trovit-web-86bb757b58-r2j8s66817d3512f4a/tracking.%7B%22cmp%22%3A%22u%22%7D/what_d.provincia%20cantabria/type.2/page.2/cookieid.102012066817d34ed8e31.65688500/pos.19/;39008, Santander, Provincia de Cantabria;3  habitaciones;1  baños;75  m²;Piso totalmente zona ascensor panorámico, reformado compuesto por 3 habitaciones, salón, cocina y baño, exterior, calefacción eléctrica, todo amu...;Hace 13 días;Rentola;Cantabria
525€;Zona Las Antenas Gral. Dávila con 3 habitaciones;https://rd.clk.thribee.com/id.1G1r121bXsz1z/origin.1/section.1/section_type.2/country.es/vertical.homes/iuid.71652trovit-web-86bb757b58-r2j8s66817d3512f4a/tracking.%7B%22cmp%22%3A%22u%22%7D/what_d.provincia%20cantabria/type.2/page.2/cookieid.102012066817d34ed8e31.65688500/pos.20/;39006, Santander, Provincia de Cantabria;3  habitaciones;1  baños;55  m²;Piso en General Dávila en las Antenas compuesto por 3 habitaciones, salón, cocina equipada y baño, exterior muy luminoso, todo amueblado, buena a...;Hace 13 días;Rentola;Cantabria
837€;Piso entero de 1 dormitorio en Unquera;https://rd.clk.thribee.com/id.1KDJ1lw1Y1z1G/origin.1/section.1/section_type.2/country.es/vertical.homes/iuid.71652trovit-web-86bb757b58-r2j8s66817d3512f4a/tracking.%7B%22cmp%22%3A%22u%22%7D/what_d.provincia%20cantabria/type.2/page.2/cookieid.102012066817d34ed8e31.65688500/pos.21/;39560, Val de San Vicente, Provincia de Cantabria;1  habitaciones;1  baños;45  m²;DISCLAIMER: By clicking the contact button, you will be able to get in touch with the property manager partner and to rent your home 100% online...;Hace 13 días;Rentola;Cantabria
750€;Amplio piso céntrico con 4 habitaciones;https://rd.clk.thribee.com/id.181I1xz1T1azW/origin.1/section.1/section_type.2/country.es/vertical.homes/iuid.71652trovit-web-86bb757b58-r2j8s66817d3512f4a/tracking.%7B%22cmp%22%3A%22u%22%7D/what_d.provincia%20cantabria/type.2/page.2/cookieid.102012066817d34ed8e31.65688500/pos.22/;39001, Santander, Provincia de Cantabria;4  habitaciones;2  baños;112  m²;Amplio piso céntrico cerca de Porticada y sitios de interés compuesto por 4 habitaciones, salón, cocina equipada, baño y aseo, despensa, exterior...;Hace 13 días;Rentola;Cantabria
550€;Piso en retortillo - ref. 092236;https://rd.clk.thribee.com/id.1I1I0W1e1s1DV/origin.1/section.1/section_type.2/country.es/vertical.homes/iuid.71652trovit-web-86bb757b58-r2j8s66817d3512f4a/tracking.%7B%22cmp%22%3A%22u%22%7D/what_d.provincia%20cantabria/type.2/page.2/cookieid.102012066817d34ed8e31.65688500/pos.23/;39213, Campoo de Enmedio, Provincia de Cantabria;2  habitaciones;1  baños;65  m²;Alquiler corta temporada. Piso de alquiler para cortos períodos de tiempo. Es una primera planta sin ascensor con superficie aproximada de 65 met...;Hace 13 días;Rentola;Cantabria
330€;Habitación en piso compartido en Santander;https://rd.clk.thribee.com/id.1IDr1Kd1y1b/origin.1/section.1/section_type.2/country.es/vertical.homes/iuid.71652trovit-web-86bb757b58-r2j8s66817d3512f4a/tracking.%7B%22cmp%22%3A%22u%22%7D/what_d.provincia%20cantabria/type.2/page.2/cookieid.102012066817d34ed8e31.65688500/pos.24/;04001, Santander, Provincia de Cantabria;3  habitaciones;-;80  m²;DISCLAIMER: By clicking the contact button, you will be able to get in touch with the property manager partner and to rent your home 100% online...;Hace 13 días;Rentola;Cantabria
390€;Piso en Río de la Pila con 2 habitaciones;https://rd.clk.thribee.com/id.1t1V1Yt1rn1p17/origin.1/section.1/section_type.2/country.es/vertical.homes/iuid.71652trovit-web-86bb757b58-r2j8s66817d3512f4a/tracking.%7B%22cmp%22%3A%22u%22%7D/what_d.provincia%20cantabria/type.2/page.2/cookieid.102012066817d34ed8e31.65688500/pos.25/;39002, Santander, Provincia de Cantabria;2  habitaciones;1  baños;48  m²;Piso en el Río de la Pila compuesto por 2 habitaciones, salón, cocina y baño, dispone de un pequeño vestidor, exterior luminoso, todo amueblado,...;Hace 4 días;Rentola;Cantabria
400€;Inviting double bedroom near Estación de tren Santander;https://rd.clk.thribee.com/id.1u1F1ZNoA111I/origin.1/section.1/section_type.2/country.es/vertical.homes/iuid.109597trovit-web-86bb757b58-wm6vx66817d3928eb6/tracking.%7B%22cmp%22%3A%22u%22%7D/what_d.provincia%20cantabria/type.2/page.3/cookieid.102115366817d390f2022.99393975/pos.1/;39008, Santander, Provincia de Cantabria;4  habitaciones;1  baños;-;Rental period for this listing is between 3. 24 months...;Hace 8 días;Rentola;Cantabria
900€;Alquiler Pisos en Santander en zona Floranes-Valdecilla;https://rd.clk.thribee.com/id.1wj1RN1u1fUt/origin.1/section.1/section_type.2/country.es/vertical.homes/iuid.109597trovit-web-86bb757b58-wm6vx66817d3928eb6/tracking.%7B%22cmp%22%3A%22u%22%7D/what_d.provincia%20cantabria/type.2/page.3/cookieid.102115366817d390f2022.99393975/pos.2/;39710, Medio Cudeyo, Provincia de Cantabria;2  habitaciones;2  baños;99  m²;En el corazón de Santander, te presentamos este espectacular piso en alquiler con todas las comodidades que puedas imaginar. Con dos habitaciones...;Hace 1 día;Rentola;Cantabria
330€;Comfy Single Bedroom in the city center of Santander;https://rd.clk.thribee.com/id.31h1n1E1w1uL1u/origin.1/section.1/section_type.2/country.es/vertical.homes/iuid.109597trovit-web-86bb757b58-wm6vx66817d3928eb6/tracking.%7B%22cmp%22%3A%22u%22%7D/what_d.provincia%20cantabria/type.2/page.3/cookieid.102115366817d390f2022.99393975/pos.3/;39003, Santander, Provincia de Cantabria;5  habitaciones;2  baños;-;Rental period for this listing is between 3. 24 months...;Hace 5 días;Rentola;Cantabria
860€;Piso En alquiler, General Dávila, Santander;https://rd.clk.thribee.com/id.k1hz1G141V1GX/origin.1/section.1/section_type.2/country.es/vertical.homes/iuid.109597trovit-web-86bb757b58-wm6vx66817d3928eb6/tracking.%7B%22cmp%22%3A%22u%22%7D/what_d.provincia%20cantabria/type.2/page.3/cookieid.102115366817d390f2022.99393975/pos.4/;39012, Santander, Provincia de Cantabria;3  habitaciones;2  baños;90  m²;Alquiler estudiantes. TEMPORADA académica, para entrar en Septiembre/23 hasta Junio /24 PARA TODO EL CURSO ACADEMICO COMPLETO Estupenda vivienda...;Hace 11 días;Rentola;Cantabria
1.650€;Piso En alquiler Calle Castilla, - Hermida, Santander;https://rd.clk.thribee.com/id.C51UBgDPQ/origin.1/section.1/section_type.2/country.es/vertical.homes/iuid.109597trovit-web-86bb757b58-wm6vx66817d3928eb6/tracking.%7B%22cmp%22%3A%22u%22%7D/what_d.provincia%20cantabria/type.2/page.3/cookieid.102115366817d390f2022.99393975/pos.5/;39009, Santander, Provincia de Cantabria;4  habitaciones;2  baños;100  m²;Centrico piso completamente equipado, de cuatro dormitorios, junto a las estaciones*alquiler de temporada, precio: 1.650 €/ por mes, con gastos d...;Hace 5 días;Rentola;Cantabria
550€;Zona del Corte Inglés con 2 habitaciones;https://rd.clk.thribee.com/id.D9U61K13l9/origin.1/section.1/section_type.2/country.es/vertical.homes/iuid.109597trovit-web-86bb757b58-wm6vx66817d3928eb6/tracking.%7B%22cmp%22%3A%22u%22%7D/what_d.provincia%20cantabria/type.2/page.3/cookieid.102115366817d390f2022.99393975/pos.6/;39011, Santander, Provincia de Cantabria;20  habitaciones;1  baños;70  m²;Bonito piso en la Avda Nueva Montaña cerca de Corte Inglés, compuesto por 2 habitaciones, salón, cocina y baño, terraza, exterior con vistas al s...;Hace 4 días;Rentola;Cantabria
600€;Amplio piso con 3 habitaciones baño y aseo sin muebles;https://rd.clk.thribee.com/id.E1seeC_1Ck/origin.1/section.1/section_type.2/country.es/vertical.homes/iuid.109597trovit-web-86bb757b58-wm6vx66817d3928eb6/tracking.%7B%22cmp%22%3A%22u%22%7D/what_d.provincia%20cantabria/type.2/page.3/cookieid.102115366817d390f2022.99393975/pos.7/;39012, Santander, Provincia de Cantabria;3  habitaciones;2  baños;98  m²;Amplio piso en Bº Monte en Grupo Ateca compuesto por 3 habitaciones, salón, cocina amueblada, baño y aseo, calefacción individual gas, PVC, exter...;Hace 4 días;Rentola;Cantabria
450€;Cerca del Hospital y Plaza de toros con 2 habitaciones;https://rd.clk.thribee.com/id.H1TdnxNrN/origin.1/section.1/section_type.2/country.es/vertical.homes/iuid.109597trovit-web-86bb757b58-wm6vx66817d3928eb6/tracking.%7B%22cmp%22%3A%22u%22%7D/what_d.provincia%20cantabria/type.2/page.3/cookieid.102115366817d390f2022.99393975/pos.8/;39010, Santander, Provincia de Cantabria;2  habitaciones;1  baños;50  m²;Piso en la Calle Gregorio Cuesta cerca de la Plaza de Toros compuesto por 2 habitaciones, salón, cocina completa y baño, ventanas PVC, todo amueb...;Hace 4 días;Rentola;Cantabria
1.600€;Piso de 4 dormitorios en alquiler en Santander;https://rd.clk.thribee.com/id.I1D1P14_1Z1I1g/origin.1/section.1/section_type.2/country.es/vertical.homes/iuid.109597trovit-web-86bb757b58-wm6vx66817d3928eb6/tracking.%7B%22cmp%22%3A%22u%22%7D/what_d.provincia%20cantabria/type.2/page.3/cookieid.102115366817d390f2022.99393975/pos.9/;Santander, Provincia de Cantabria;4  habitaciones;1  baños;-;DISCLAIMER: By clicking the contact button, you will be able to get in touch with the property manager partner and to rent your home 100% online...;Hace 13 días;Rentola;Cantabria
900€;Apartamento de 2 dormitorios en alquiler en Playa De Usil, Mogro;https://rd.clk.thribee.com/id.J1tP6h1R1-I/origin.1/section.1/section_type.2/country.es/vertical.homes/iuid.109597trovit-web-86bb757b58-wm6vx66817d3928eb6/tracking.%7B%22cmp%22%3A%22u%22%7D/what_d.provincia%20cantabria/type.2/page.3/cookieid.102115366817d390f2022.99393975/pos.10/;39310, Santander, Provincia de Cantabria;2  habitaciones;-;60  m²;DISCLAIMER: By clicking the contact button, you will be able to get in touch with the property manager partner and to rent your home 100% online...;Hace 13 días;Rentola;Cantabria
1.950€;Apartamento de 2 dormitorios en alquiler en Santander;https://rd.clk.thribee.com/id.Kp1u12KZ1k1N/origin.1/section.1/section_type.2/country.es/vertical.homes/iuid.109597trovit-web-86bb757b58-wm6vx66817d3928eb6/tracking.%7B%22cmp%22%3A%22u%22%7D/what_d.provincia%20cantabria/type.2/page.3/cookieid.102115366817d390f2022.99393975/pos.11/;45150, Santander, Provincia de Cantabria;2  habitaciones;1  baños;-;DISCLAIMER: By clicking the contact button, you will be able to get in touch with the property manager partner and to rent your home 100% online...;Hace 13 días;Rentola;Cantabria
700€;Flat - Santander (Sardinero);https://rd.clk.thribee.com/id.LB1SX71V131S/origin.1/section.1/section_type.2/country.es/vertical.homes/iuid.109597trovit-web-86bb757b58-wm6vx66817d3928eb6/tracking.%7B%22cmp%22%3A%22u%22%7D/what_d.provincia%20cantabria/type.2/page.3/cookieid.102115366817d390f2022.99393975/pos.12/;39012, Santander, Provincia de Cantabria;2  habitaciones;1  baños;75  m²;Flat. Santander (Sardinero), Built Surface 85m 2, Terrace Size 12m 2, 2 Bedrooms, 1 Bathrooms, 100 Distance to the sea, Lift, Urbanizacion...;Hace 16 días;Rentola;Cantabria
595€;Habitación en piso compartido en Santander;https://rd.clk.thribee.com/id.OQZ1z1kF1Ey/origin.1/section.1/section_type.2/country.es/vertical.homes/iuid.109597trovit-web-86bb757b58-wm6vx66817d3928eb6/tracking.%7B%22cmp%22%3A%22u%22%7D/what_d.provincia%20cantabria/type.2/page.3/cookieid.102115366817d390f2022.99393975/pos.13/;39709, Santander, Provincia de Cantabria;4  habitaciones;-;110  m²;DISCLAIMER: By clicking the contact button, you will be able to get in touch with the property manager partner and to rent your home 100% online...;Hace 13 días;Rentola;Cantabria
900€;Pisos, Alquiler, Floranes-Valdecilla;https://rd.clk.thribee.com/id.P1pAf1Xnhw/origin.1/section.1/section_type.2/country.es/vertical.homes/iuid.109597trovit-web-86bb757b58-wm6vx66817d3928eb6/tracking.%7B%22cmp%22%3A%22u%22%7D/what_d.provincia%20cantabria/type.2/page.3/cookieid.102115366817d390f2022.99393975/pos.14/;39002, Santander, Provincia de Cantabria;2  habitaciones;2  baños;101  m²;En el corazón de Santander, te presentamos este espectacular piso en alquiler con todas las comodidades que puedas imaginar. Con dos habitaciones...;Hace 13 días;Rentola;Cantabria
600€;Zona plaza de toros Hospital 2 habitaciones;https://rd.clk.thribee.com/id.1J1MwDYTXn/origin.1/section.1/section_type.2/country.es/vertical.homes/iuid.109597trovit-web-86bb757b58-wm6vx66817d3928eb6/tracking.%7B%22cmp%22%3A%22u%22%7D/what_d.provincia%20cantabria/type.2/page.3/cookieid.102115366817d390f2022.99393975/pos.15/;39010, Santander, Provincia de Cantabria;2  habitaciones;1  baños;55  m²;Piso totalmente reformado y amueblado nuevo en la Calle Gregorio Cuesta al lado de la Plaza de Toros y Hospital con 2 habitaciones, salón, cocina...;Hace 13 días;Rentola;Cantabria
890€;Homely 2-bedroom apartment in Chalets la Tierruca;https://rd.clk.thribee.com/id.1Nc1E133_41E/origin.1/section.1/section_type.2/country.es/vertical.homes/iuid.109597trovit-web-86bb757b58-wm6vx66817d3928eb6/tracking.%7B%22cmp%22%3A%22u%22%7D/what_d.provincia%20cantabria/type.2/page.3/cookieid.102115366817d390f2022.99393975/pos.16/;39006, Santander, Provincia de Cantabria;2  habitaciones;1  baños;-;Estancia máxima de 9 meses. Edad máxima. 40 años Rental period for this listing is between 3. 24 months...;Hace 13 días;Rentola;Cantabria
790€;Piso para estudiantes de 3 habitaciones todo incluido;https://rd.clk.thribee.com/id.1R1f1T1k1idLR/origin.1/section.1/section_type.2/country.es/vertical.homes/iuid.109597trovit-web-86bb757b58-wm6vx66817d3928eb6/tracking.%7B%22cmp%22%3A%22u%22%7D/what_d.provincia%20cantabria/type.2/page.3/cookieid.102115366817d390f2022.99393975/pos.17/;39010, Santander, Provincia de Cantabria;3  habitaciones;1  baños;90  m²;¡Piso ideal para el nuevo curso 2023/24! Ubicado en la zona de 4 Caminos, cerca del Hospital y con excelentes conexiones de autobús en todas las...;Hace 13 días;Rentola;Cantabria
640€;Zona 4 Caminos con parking comunitario;https://rd.clk.thribee.com/id.1RCW1-1x21vE/origin.1/section.1/section_type.2/country.es/vertical.homes/iuid.109597trovit-web-86bb757b58-wm6vx66817d3928eb6/tracking.%7B%22cmp%22%3A%22u%22%7D/what_d.provincia%20cantabria/type.2/page.3/cookieid.102115366817d390f2022.99393975/pos.18/;39007, Santander, Provincia de Cantabria;2  habitaciones;1  baños;75  m²;Piso cerca de 4 Caminos, Juzgados o hospital con 2 habitaciones, salón, cocina equipada y baño con ventana, calefacción, exterior muy luminoso, t...;Hace 13 días;Rentola;Cantabria
800€;Piso de 2 dormitorios en alquiler en Santander;https://rd.clk.thribee.com/id.1T1i1fi1_1k51L/origin.1/section.1/section_type.2/country.es/vertical.homes/iuid.109597trovit-web-86bb757b58-wm6vx66817d3928eb6/tracking.%7B%22cmp%22%3A%22u%22%7D/what_d.provincia%20cantabria/type.2/page.3/cookieid.102115366817d390f2022.99393975/pos.19/;Santander, Provincia de Cantabria;2  habitaciones;-;69  m²;DISCLAIMER: By clicking the contact button, you will be able to get in touch with the property manager partner and to rent your home 100% online...;Hace 13 días;Rentola;Cantabria
600€;Piso en 4 Caminos con 2 habitaciones;https://rd.clk.thribee.com/id.1G1ULm1Rr1I1y/origin.1/section.1/section_type.2/country.es/vertical.homes/iuid.109597trovit-web-86bb757b58-wm6vx66817d3928eb6/tracking.%7B%22cmp%22%3A%22u%22%7D/what_d.provincia%20cantabria/type.2/page.3/cookieid.102115366817d390f2022.99393975/pos.20/;39010, Santander, Provincia de Cantabria;2  habitaciones;1  baños;65  m²;Piso en cerca del hospital en 4 Caminos en Camilo Alonso Vega, compuesto por 2 habitaciones, salón, cocina equipada y baño, luminoso, calefacción...;Hace 4 días;Rentola;Cantabria
575€;Zona Santa Clotilde con 3 habitaciones;https://rd.clk.thribee.com/id.1eJPy1q1_1Z14/origin.1/section.1/section_type.2/country.es/vertical.homes/iuid.109597trovit-web-86bb757b58-wm6vx66817d3928eb6/tracking.%7B%22cmp%22%3A%22u%22%7D/what_d.provincia%20cantabria/type.2/page.3/cookieid.102115366817d390f2022.99393975/pos.21/;39003, Santander, Provincia de Cantabria;1  habitaciones;1  baños;65  m²;Piso zona General Dávila cerca Hospital Santa Clotilde compuesto por 3 habitaciones, salón, cocina equipada y baño, exterior al sur muy luminoso...;Hace 13 días;Rentola;Cantabria
900€;Alquiler temporada estudiantes;https://rd.clk.thribee.com/id.1M1zC821b1Q1A/origin.1/section.1/section_type.2/country.es/vertical.homes/iuid.109597trovit-web-86bb757b58-wm6vx66817d3928eb6/tracking.%7B%22cmp%22%3A%22u%22%7D/what_d.provincia%20cantabria/type.2/page.3/cookieid.102115366817d390f2022.99393975/pos.22/;39003, Santander, Provincia de Cantabria;3  habitaciones;1  baños;78  m²;Descripción se alquila para temporada escolar vivienda de tres dormitorios. Proximo al acceso del tunel de tetuan que conduce a la zona universit...;Hace 13 días;Rentola;Cantabria
1.200€;Alquiler Pisos en Santander en zona Puertochico;https://rd.clk.thribee.com/id.1P81nlh81SQ/origin.1/section.1/section_type.2/country.es/vertical.homes/iuid.109597trovit-web-86bb757b58-wm6vx66817d3928eb6/tracking.%7B%22cmp%22%3A%22u%22%7D/what_d.provincia%20cantabria/type.2/page.3/cookieid.102115366817d390f2022.99393975/pos.23/;39004, Santander, Provincia de Cantabria;2  habitaciones;2  baños;100  m²;Alquiler temporal de piso de 2 amplias habitaciones, salón, cocina y 2 baños. A un paso de Puertochico y del Paseo Pereda. Orientación: EsteMetro...;Hace 1 día;Rentola;Cantabria
1.350€;1 dormitorio, Medio Cudeyo 39619 1ES65814-;https://rd.clk.thribee.com/id.1P_071zW1812/origin.1/section.1/section_type.2/country.es/vertical.homes/iuid.109597trovit-web-86bb757b58-wm6vx66817d3928eb6/tracking.%7B%22cmp%22%3A%22u%22%7D/what_d.provincia%20cantabria/type.2/page.3/cookieid.102115366817d390f2022.99393975/pos.24/;39619, Medio Cudeyo, Provincia de Cantabria;1  habitaciones;-;-;TRV65814---. Esta casa se encuentra en Medio Cudeyo Medio Cudeyo 39619. Tiene 1 dormitorio. Esta 1 dormitorio apartamentos en Medio Cudeyo Medio...;Hace 6 días;Listanza;Cantabria
940€;2 dormitorio, Santander 39010 1ES77965-;https://rd.clk.thribee.com/id.1P1Q101F1SV-1D/origin.1/section.1/section_type.2/country.es/vertical.homes/iuid.109597trovit-web-86bb757b58-wm6vx66817d3928eb6/tracking.%7B%22cmp%22%3A%22u%22%7D/what_d.provincia%20cantabria/type.2/page.3/cookieid.102115366817d390f2022.99393975/pos.25/;39010, Santander, Provincia de Cantabria;2  habitaciones;-;-;TRV77965---. Esta casa se encuentra en Santander Santander 39010. Tiene 2 dormitorios. Esta 2 dormitorio apartamentos en Santander Santander es p...;Hace 6 días;Listanza;Cantabria
356€;VPO – Apartamento para fijo con garaje;https://rd.clk.thribee.com/id.1T11Z-_1E1M1e/origin.1/section.1/section_type.2/country.es/vertical.homes/iuid.114011trovit-web-86bb757b58-sjnzp66817d3dd7a75/tracking.%7B%22cmp%22%3A%22u%22%7D/what_d.provincia%20cantabria/type.2/page.4/cookieid.102115766817d3dc05420.07652243/pos.1/;39011, Santander, Provincia de Cantabria;1  habitaciones;1  baños;46  m²;Lfcantabria alquila para fijoesta vivienda de enun edificio con ascensor. Es una apartamento amueblado, distribuido en una habitacion, un amplio...;Hace 2 días;Rentola;Cantabria
1.350€;Apartamento en Santander;https://rd.clk.thribee.com/id.1T191p1l1q21GH/origin.1/section.1/section_type.2/country.es/vertical.homes/iuid.114011trovit-web-86bb757b58-sjnzp66817d3dd7a75/tracking.%7B%22cmp%22%3A%22u%22%7D/what_d.provincia%20cantabria/type.2/page.4/cookieid.102115766817d3dc05420.07652243/pos.2/;39012, Santander, Provincia de Cantabria;2  habitaciones;1  baños;-;DISCLAIMER: By clicking the contact button, you will be able to get in touch with the property manager partner and to rent your home 100% online...;Hace 13 días;Rentola;Cantabria
1.950€;Apartment in the center of Santander;https://rd.clk.thribee.com/id.1V1lr1E1D1d1Ni/origin.1/section.1/section_type.2/country.es/vertical.homes/iuid.114011trovit-web-86bb757b58-sjnzp66817d3dd7a75/tracking.%7B%22cmp%22%3A%22u%22%7D/what_d.provincia%20cantabria/type.2/page.4/cookieid.102115766817d3dc05420.07652243/pos.3/;39003, Santander, Provincia de Cantabria;3  habitaciones;1  baños;131  m²;Very central apartment located a few meters from Plaza de Pombo, Paseo Pereda, the Botín Center and the best art galleries. Ideal for walking and...;Hace 13 días;Rentola;Cantabria
2.000€;Piso en alquiler de 4 habitaciones en Canalejas, Santander;https://rd.clk.thribee.com/id.1V51j1lZfb1c/origin.1/section.1/section_type.2/country.es/vertical.homes/iuid.114011trovit-web-86bb757b58-sjnzp66817d3dd7a75/tracking.%7B%22cmp%22%3A%22u%22%7D/what_d.provincia%20cantabria/type.2/page.4/cookieid.102115766817d3dc05420.07652243/pos.4/;39709, Santander, Provincia de Cantabria;4  habitaciones;-;110  m²;DISCLAIMER: By clicking the contact button, you will be able to get in touch with the property manager partner and to rent your home 100% online...;Hace 13 días;Rentola;Cantabria
750€;Estudio en Santander;https://rd.clk.thribee.com/id.1c1x1O1c1I1Z51P/origin.1/section.1/section_type.2/country.es/vertical.homes/iuid.114011trovit-web-86bb757b58-sjnzp66817d3dd7a75/tracking.%7B%22cmp%22%3A%22u%22%7D/what_d.provincia%20cantabria/type.2/page.4/cookieid.102115766817d3dc05420.07652243/pos.5/;30368, Santander, Provincia de Cantabria;1  habitaciones;1  baños;-;DISCLAIMER: By clicking the contact button, you will be able to get in touch with the property manager partner and to rent your home 100% online...;Hace 13 días;Rentola;Cantabria
2.100€;3 dormitorio, Miengo 39310 1ES65825-;https://rd.clk.thribee.com/id.1S18_yp81f10/origin.1/section.1/section_type.2/country.es/vertical.homes/iuid.114011trovit-web-86bb757b58-sjnzp66817d3dd7a75/tracking.%7B%22cmp%22%3A%22u%22%7D/what_d.provincia%20cantabria/type.2/page.4/cookieid.102115766817d3dc05420.07652243/pos.6/;39310, Miengo, Provincia de Cantabria;3  habitaciones;-;-;TRV65825---. Esta casa se encuentra en Miengo Miengo 39310. Tiene 3 dormitorios. Esta 3 dormitorio apartamentos en Miengo Miengo es para alquilar...;Hace 6 días;Listanza;Cantabria
450€;Zona Perines cerca del Hospital con 2 habitaciones;https://rd.clk.thribee.com/id.1V1k1X1TyEc1a/origin.1/section.1/section_type.2/country.es/vertical.homes/iuid.114011trovit-web-86bb757b58-sjnzp66817d3dd7a75/tracking.%7B%22cmp%22%3A%22u%22%7D/what_d.provincia%20cantabria/type.2/page.4/cookieid.102115766817d3dc05420.07652243/pos.7/;39010, Santander, Provincia de Cantabria;2  habitaciones;1  baños;50  m²;Piso en la zona de calle Perines compuesto por 2 habitaciones, salón, cocina equipada y baño, ventanas PVC, exterior muy luminoso, amueblado, asc...;Hace 4 días;Rentola;Cantabria
600€;Habitación en piso compartido en Santander;https://rd.clk.thribee.com/id.1X1c19i1Ru7m/origin.1/section.1/section_type.2/country.es/vertical.homes/iuid.114011trovit-web-86bb757b58-sjnzp66817d3dd7a75/tracking.%7B%22cmp%22%3A%22u%22%7D/what_d.provincia%20cantabria/type.2/page.4/cookieid.102115766817d3dc05420.07652243/pos.8/;39006, Santander, Provincia de Cantabria;2  habitaciones;-;50  m²;DISCLAIMER: By clicking the contact button, you will be able to get in touch with the property manager partner and to rent your home 100% online...;Hace 13 días;Rentola;Cantabria
550€;Big room 2 minute walking to Central rain and Bus station;https://rd.clk.thribee.com/id.1Ns1a1bRv1xL/origin.1/section.1/section_type.2/country.es/vertical.homes/iuid.114011trovit-web-86bb757b58-sjnzp66817d3dd7a75/tracking.%7B%22cmp%22%3A%22u%22%7D/what_d.provincia%20cantabria/type.2/page.4/cookieid.102115766817d3dc05420.07652243/pos.9/;39008, Santander, Provincia de Cantabria;3  habitaciones;1  baños;-;Habitación con amplio salón cerca de la estación central de tren y autobus Rental period for this listing is between 3. 24 months...;Hace 13 días;Rentola;Cantabria
465€;Habitación en piso compartido en Santander;https://rd.clk.thribee.com/id.1Nwc1y1S1MR1E/origin.1/section.1/section_type.2/country.es/vertical.homes/iuid.114011trovit-web-86bb757b58-sjnzp66817d3dd7a75/tracking.%7B%22cmp%22%3A%22u%22%7D/what_d.provincia%20cantabria/type.2/page.4/cookieid.102115766817d3dc05420.07652243/pos.10/;39006, Santander, Provincia de Cantabria;2  habitaciones;-;90  m²;DISCLAIMER: By clicking the contact button, you will be able to get in touch with the property manager partner and to rent your home 100% online...;Hace 13 días;Rentola;Cantabria
900€;Vivienda recién reformada para alquiler por t;https://rd.clk.thribee.com/id.1P4131m1o1Ndv/origin.1/section.1/section_type.2/country.es/vertical.homes/iuid.114011trovit-web-86bb757b58-sjnzp66817d3dd7a75/tracking.%7B%22cmp%22%3A%22u%22%7D/what_d.provincia%20cantabria/type.2/page.4/cookieid.102115766817d3dc05420.07652243/pos.11/;39001, Santander, Provincia de Cantabria;2  habitaciones;1  baños;65  m²;"LFCantabria alquila por temporada esta vivienda A ESTRENAR, completamente reformada y amueblada; sealquilaEXCLUSIVAMENTE para En pleno centro de...";Hace 13 días;Rentola;Cantabria
1.600€;Apartamento de 2 dormitorios en alquiler en Santander;https://rd.clk.thribee.com/id.1T1sjI15Y34/origin.1/section.1/section_type.2/country.es/vertical.homes/iuid.114011trovit-web-86bb757b58-sjnzp66817d3dd7a75/tracking.%7B%22cmp%22%3A%22u%22%7D/what_d.provincia%20cantabria/type.2/page.4/cookieid.102115766817d3dc05420.07652243/pos.12/;30840, Santander, Provincia de Cantabria;2  habitaciones;1  baños;-;DISCLAIMER: By clicking the contact button, you will be able to get in touch with the property manager partner and to rent your home 100% online...;Hace 13 días;Rentola;Cantabria
580€;Cerca del Alto Miranda con 2 habitaciones y trastero;https://rd.clk.thribee.com/id.1WWxj1M1uc7/origin.1/section.1/section_type.2/country.es/vertical.homes/iuid.114011trovit-web-86bb757b58-sjnzp66817d3dd7a75/tracking.%7B%22cmp%22%3A%22u%22%7D/what_d.provincia%20cantabria/type.2/page.4/cookieid.102115766817d3dc05420.07652243/pos.13/;39005, Santander, Provincia de Cantabria;2  habitaciones;1  baños;55  m²;Piso en la zona de General Dávila cerca de los Pinares con 2 habitaciones salón, cocina equipada y baño, exterior muy luminoso, calefacción indiv...;Hace 13 días;Rentola;Cantabria
1.050€;Apartamento en Santander;https://rd.clk.thribee.com/id.1Y1xGo19XR0/origin.1/section.1/section_type.2/country.es/vertical.homes/iuid.114011trovit-web-86bb757b58-sjnzp66817d3dd7a75/tracking.%7B%22cmp%22%3A%22u%22%7D/what_d.provincia%20cantabria/type.2/page.4/cookieid.102115766817d3dc05420.07652243/pos.14/;39008, Santander, Provincia de Cantabria;1  habitaciones;1  baños;-;DISCLAIMER: By clicking the contact button, you will be able to get in touch with the property manager partner and to rent your home 100% online...;Hace 13 días;Rentola;Cantabria
2.960€;Alterhome - Beautiful apartment in Ubiarco;https://rd.clk.thribee.com/id.1Y71L1Dqs1t13/origin.1/section.1/section_type.2/country.es/vertical.homes/iuid.114011trovit-web-86bb757b58-sjnzp66817d3dd7a75/tracking.%7B%22cmp%22%3A%22u%22%7D/what_d.provincia%20cantabria/type.2/page.4/cookieid.102115766817d3dc05420.07652243/pos.15/;39360, Suances, Provincia de Cantabria;3  habitaciones;1  baños;45  m²;Located in a charming area, this apartment is just a few minutes from the spectacular Cliffs of Ubiarco and the Beaches of Santa Justa and Playa...;Hace 13 días;Rentola;Cantabria
2.000€;4 dormitorio, Santander 39006 1ES70903-;https://rd.clk.thribee.com/id.1YT1K1jU1EvH/origin.1/section.1/section_type.2/country.es/vertical.homes/iuid.114011trovit-web-86bb757b58-sjnzp66817d3dd7a75/tracking.%7B%22cmp%22%3A%22u%22%7D/what_d.provincia%20cantabria/type.2/page.4/cookieid.102115766817d3dc05420.07652243/pos.16/;39006, Santander, Provincia de Cantabria;4  habitaciones;2  baños;-;TRV70903---. Esta casa se encuentra en Santander Santander 39006. Tiene 4 dormitorios, 2 baños. Esta 4 dormitorio apartamentos en Santander Santa...;Hace 6 días;Listanza;Cantabria
800€;Piso entero de 3 dormitorios en Mogro;https://rd.clk.thribee.com/id.1_i1Yo1k-51k/origin.1/section.1/section_type.2/country.es/vertical.homes/iuid.114011trovit-web-86bb757b58-sjnzp66817d3dd7a75/tracking.%7B%22cmp%22%3A%22u%22%7D/what_d.provincia%20cantabria/type.2/page.4/cookieid.102115766817d3dc05420.07652243/pos.17/;39310, Santander, Provincia de Cantabria;3  habitaciones;-;95  m²;DISCLAIMER: By clicking the contact button, you will be able to get in touch with the property manager partner and to rent your home 100% online...;Hace 13 días;Rentola;Cantabria
900€;3 dormitorio, Santander 39008 1ES64779-;https://rd.clk.thribee.com/id.1g01v161o1U1E_/origin.1/section.1/section_type.2/country.es/vertical.homes/iuid.114011trovit-web-86bb757b58-sjnzp66817d3dd7a75/tracking.%7B%22cmp%22%3A%22u%22%7D/what_d.provincia%20cantabria/type.2/page.4/cookieid.102115766817d3dc05420.07652243/pos.18/;39008, Santander, Provincia de Cantabria;3  habitaciones;1  baños;-;TRV64779---. Piso completo de 3 habitaciones en Santander...;Hace 14 días;Listanza;Cantabria
600€;Apartamento en Santander;https://rd.clk.thribee.com/id.1hxb1HD141_1M/origin.1/section.1/section_type.2/country.es/vertical.homes/iuid.114011trovit-web-86bb757b58-sjnzp66817d3dd7a75/tracking.%7B%22cmp%22%3A%22u%22%7D/what_d.provincia%20cantabria/type.2/page.4/cookieid.102115766817d3dc05420.07652243/pos.19/;52001, Santander, Provincia de Cantabria;2  habitaciones;1  baños;-;DISCLAIMER: By clicking the contact button, you will be able to get in touch with the property manager partner and to rent your home 100% online...;Hace 13 días;Rentola;Cantabria
1.600€;2 dormitorio, Mogro 39310 1ES65827-;https://rd.clk.thribee.com/id.1f1g21_m1p21c/origin.1/section.1/section_type.2/country.es/vertical.homes/iuid.114011trovit-web-86bb757b58-sjnzp66817d3dd7a75/tracking.%7B%22cmp%22%3A%22u%22%7D/what_d.provincia%20cantabria/type.2/page.4/cookieid.102115766817d3dc05420.07652243/pos.20/;39310, Mogro, Miengo, Provincia de Cantabria;2  habitaciones;-;-;TRV65827---. Este alojamiento en Mogro es el lugar perfecto para hospedarse durante sus vacaciones. Con dos dormitorios y capacidad para cuatro p...;Hace 6 días;Listanza;Cantabria
400€;Habitación en piso compartido en Santander;https://rd.clk.thribee.com/id.1h1d1z1l1x16f1C/origin.1/section.1/section_type.2/country.es/vertical.homes/iuid.114011trovit-web-86bb757b58-sjnzp66817d3dd7a75/tracking.%7B%22cmp%22%3A%22u%22%7D/what_d.provincia%20cantabria/type.2/page.4/cookieid.102115766817d3dc05420.07652243/pos.21/;39011, Santander, Provincia de Cantabria;1  habitaciones;-;-;DISCLAIMER: By clicking the contact button, you will be able to get in touch with the property manager partner and to rent your home 100% online...;Hace 13 días;Rentola;Cantabria
690€;Piso Calle Alta 3 habitaciones y 2 baños;https://rd.clk.thribee.com/id.1k1_B1Uw1rl13/origin.1/section.1/section_type.2/country.es/vertical.homes/iuid.114011trovit-web-86bb757b58-sjnzp66817d3dd7a75/tracking.%7B%22cmp%22%3A%22u%22%7D/what_d.provincia%20cantabria/type.2/page.4/cookieid.102115766817d3dc05420.07652243/pos.22/;39008, Santander, Provincia de Cantabria;1  habitaciones;2  baños;118  m²;Amplio piso en la Calle Alta cerca de centro y hospital compuesto por 3 habitaciones, salón, cocina equipada y 2 baños, exterior muy luminoso, ca...;Hace 13 días;Rentola;Cantabria
590€;Piso Fernando de los Ríos 3 habitaciones 2 baños;https://rd.clk.thribee.com/id.1n1wDoo1w169/origin.1/section.1/section_type.2/country.es/vertical.homes/iuid.114011trovit-web-86bb757b58-sjnzp66817d3dd7a75/tracking.%7B%22cmp%22%3A%22u%22%7D/what_d.provincia%20cantabria/type.2/page.4/cookieid.102115766817d3dc05420.07652243/pos.23/;39005, Santander, Provincia de Cantabria;3  habitaciones;2  baños;85  m²;Piso en Fernando de los Río en Gral Dávila con los Castros compuesto por 3 habitaciones, salón, cocina, baño y aseo, exterior muy luminoso al sur...;Hace 13 días;Rentola;Cantabria
2.960€;Alterhome - Accommodation with a capacity of 4 people;https://rd.clk.thribee.com/id.1sFJ1v1O1z91B/origin.1/section.1/section_type.2/country.es/vertical.homes/iuid.114011trovit-web-86bb757b58-sjnzp66817d3dd7a75/tracking.%7B%22cmp%22%3A%22u%22%7D/what_d.provincia%20cantabria/type.2/page.4/cookieid.102115766817d3dc05420.07652243/pos.24/;39360, Suances, Provincia de Cantabria;4  habitaciones;1  baños;45  m²;This wonderful accommodation is a house from the beginning of the 20th century restored in the year 2000, maintaining the image and rustic charm...;Hace 13 días;Rentola;Cantabria
550€;Piso zona Salesianos con 2 habitaciones reformado;https://rd.clk.thribee.com/id.1E1Q1ki1ns49/origin.1/section.1/section_type.2/country.es/vertical.homes/iuid.114011trovit-web-86bb757b58-sjnzp66817d3dd7a75/tracking.%7B%22cmp%22%3A%22u%22%7D/what_d.provincia%20cantabria/type.2/page.4/cookieid.102115766817d3dc05420.07652243/pos.25/;39006, Santander, Provincia de Cantabria;2  habitaciones;1  baños;65  m²;Piso en Bajada Rumayor en la zona de Gral Dávila en Salesianos compuesto por 2 habitaciones, salón, cocina equipada y baño, reformado recientemen...;Hace 4 días;Rentola;Cantabria
700€;Bonito piso de 2 habitaciones zona San Fernando;https://rd.clk.thribee.com/id.1E1iUKwGy1p/origin.1/section.1/section_type.2/country.es/vertical.homes/iuid.2155trovit-web-86bb757b58-qdrf266817d41ed742/tracking.%7B%22cmp%22%3A%22u%22%7D/what_d.provincia%20cantabria/type.2/page.5/cookieid.102012066817d41d364f8.87624877/pos.1/;39010, Santander, Provincia de Cantabria;1  habitaciones;1  baños;75  m²;Excelente piso cerca de Hospital en la zona de 4 Caminos, en calle Alonso compuesto por 2 habitaciones, salón, comedor, cocina y baño con cabina...;Hace 13 días;Rentola;Cantabria
2.500€;Piso con vistas al Mar alquiler en Santander;https://rd.clk.thribee.com/id.1F1D1OmE1pX1G/origin.1/section.1/section_type.2/country.es/vertical.homes/iuid.2155trovit-web-86bb757b58-qdrf266817d41ed742/tracking.%7B%22cmp%22%3A%22u%22%7D/what_d.provincia%20cantabria/type.2/page.5/cookieid.102012066817d41d364f8.87624877/pos.2/;39002, Santander, Provincia de Cantabria;4  habitaciones;4  baños;230  m²;Casas del Norte SL. Alquila estupendo piso reformado en el sardinero, 1ª línea, a pocos metros de la playa, mucha luz, 230 metros de superficie,...;Hace 13 días;Rentola;Cantabria
650€;Piso céntrico cerca Ayuntamiento con 3 habitaciones;https://rd.clk.thribee.com/id.1GkG1ipp81/origin.1/section.1/section_type.2/country.es/vertical.homes/iuid.2155trovit-web-86bb757b58-qdrf266817d41ed742/tracking.%7B%22cmp%22%3A%22u%22%7D/what_d.provincia%20cantabria/type.2/page.5/cookieid.102012066817d41d364f8.87624877/pos.3/;39002, Santander, Provincia de Cantabria;3  habitaciones;1  baños;80  m²;Piso muy céntrico cerca del Ayuntamiento compuesto por 3 habitaciones, salón, cocina y un baño, exterior muy luminoso al sur, calefacción, todo a...;Hace 13 días;Rentola;Cantabria
1.600€;4 dormitorio, Santander 39008 1ES58190-;https://rd.clk.thribee.com/id.YR1_13c1K13/origin.1/section.1/section_type.2/country.es/vertical.homes/iuid.2155trovit-web-86bb757b58-qdrf266817d41ed742/tracking.%7B%22cmp%22%3A%22u%22%7D/what_d.provincia%20cantabria/type.2/page.5/cookieid.102012066817d41d364f8.87624877/pos.4/;39008, Santander, Provincia de Cantabria;4  habitaciones;1  baños;-;TRV58190---. Esta casa se encuentra en Santander Santander 39008. Tiene 4 dormitorios, 1 baño. Esta 4 dormitorio apartamentos en Santander Santan...;Hace +30 días;Listanza;Cantabria
650€;Cerca de estaciones con 3 habitaciones y 2 baños;https://rd.clk.thribee.com/id.1t1m161iQ121ZK/origin.1/section.1/section_type.2/country.es/vertical.homes/iuid.2155trovit-web-86bb757b58-qdrf266817d41ed742/tracking.%7B%22cmp%22%3A%22u%22%7D/what_d.provincia%20cantabria/type.2/page.5/cookieid.102012066817d41d364f8.87624877/pos.5/;39009, Santander, Provincia de Cantabria;3  habitaciones;2  baños;85  m²;Amplio piso en la Calle Castilla cerca de la estación compuesto por 3 habitaciones, salón, cocina equipada y 2 baños, exterior a calle principal,...;Hace 13 días;Rentola;Cantabria
1.730€;Alterhome Mogro Duplex;https://rd.clk.thribee.com/id.1y1vd71S1j1Nn/origin.1/section.1/section_type.2/country.es/vertical.homes/iuid.2155trovit-web-86bb757b58-qdrf266817d41ed742/tracking.%7B%22cmp%22%3A%22u%22%7D/what_d.provincia%20cantabria/type.2/page.5/cookieid.102012066817d41d364f8.87624877/pos.6/;39310, Miengo, Provincia de Cantabria;5  habitaciones;2  baños;95  m²;From the apartment you can enjoy impressive views of the Ría de Mogro river, located just 700 meters away, where you can practice water sports or...;Hace 13 días;Rentola;Cantabria
2.100€;3 dormitorio, Santander 39012 1ES67742-;https://rd.clk.thribee.com/id.1N8I01Dy1C6/origin.1/section.1/section_type.2/country.es/vertical.homes/iuid.2155trovit-web-86bb757b58-qdrf266817d41ed742/tracking.%7B%22cmp%22%3A%22u%22%7D/what_d.provincia%20cantabria/type.2/page.5/cookieid.102012066817d41d364f8.87624877/pos.7/;39012, Santander, Provincia de Cantabria;3  habitaciones;3  baños;-;TRV67742---. Piso completo de 3 habitaciones en Santander...;Hace 6 días;Listanza;Cantabria
900€;Piso completo de 3 habitaciones en Santander;https://rd.clk.thribee.com/id.1O1E171ZF1v1W1r/origin.1/section.1/section_type.2/country.es/vertical.homes/iuid.2155trovit-web-86bb757b58-qdrf266817d41ed742/tracking.%7B%22cmp%22%3A%22u%22%7D/what_d.provincia%20cantabria/type.2/page.5/cookieid.102012066817d41d364f8.87624877/pos.8/;39008, Santander, Provincia de Cantabria;3  habitaciones;-;90  m²;DISCLAIMER: By clicking the contact button, you will be able to get in touch with the property manager partner and to rent your home 100% online...;Hace 13 días;Rentola;Cantabria
585€;Amplio piso zona Ayuntamiento;https://rd.clk.thribee.com/id.1Q1b1Z1S1pL17L/origin.1/section.1/section_type.2/country.es/vertical.homes/iuid.2155trovit-web-86bb757b58-qdrf266817d41ed742/tracking.%7B%22cmp%22%3A%22u%22%7D/what_d.provincia%20cantabria/type.2/page.5/cookieid.102012066817d41d364f8.87624877/pos.9/;39002, Santander, Provincia de Cantabria;3  habitaciones;1  baños;90  m²;Amplio piso en Calle Acebedos cerca del Ayuntamiento compuesto por 3 habitaciones, salón, salita, cocina equipada y baño, exterior muy luminoso a...;Hace 13 días;Rentola;Cantabria
2.048€;2 dormitorio, Santander 39003 1ES77993-;https://rd.clk.thribee.com/id.1Q4u12ZVoZ/origin.1/section.1/section_type.2/country.es/vertical.homes/iuid.2155trovit-web-86bb757b58-qdrf266817d41ed742/tracking.%7B%22cmp%22%3A%22u%22%7D/what_d.provincia%20cantabria/type.2/page.5/cookieid.102012066817d41d364f8.87624877/pos.10/;39003, Santander, Provincia de Cantabria;2  habitaciones;-;-;TRV77993---. Esta casa se encuentra en Santander Santander 39003. Tiene 2 dormitorios. Esta 2 dormitorio apartamentos en Santander Santander es p...;Hace 6 días;Listanza;Cantabria
410€;Habitación en piso compartido en Santander;https://rd.clk.thribee.com/id.1W1bxAo1f1T1j/origin.1/section.1/section_type.2/country.es/vertical.homes/iuid.2155trovit-web-86bb757b58-qdrf266817d41ed742/tracking.%7B%22cmp%22%3A%22u%22%7D/what_d.provincia%20cantabria/type.2/page.5/cookieid.102012066817d41d364f8.87624877/pos.11/;39005, Santander, Provincia de Cantabria;3  habitaciones;-;90  m²;DISCLAIMER: By clicking the contact button, you will be able to get in touch with the property manager partner and to rent your home 100% online...;Hace 13 días;Rentola;Cantabria
360€;Comfy Single Bedroom in the city center of Santander;https://rd.clk.thribee.com/id.1W4uW1j1y1p1Z/origin.1/section.1/section_type.2/country.es/vertical.homes/iuid.2155trovit-web-86bb757b58-qdrf266817d41ed742/tracking.%7B%22cmp%22%3A%22u%22%7D/what_d.provincia%20cantabria/type.2/page.5/cookieid.102012066817d41d364f8.87624877/pos.12/;39003, Santander, Provincia de Cantabria;5  habitaciones;2  baños;-;Rental period for this listing is between 3. 24 months...;Hace 5 días;Rentola;Cantabria
650€;Zona 4 Caminos con 2 habitaciones;https://rd.clk.thribee.com/id.1Yt1F1s1E1qf1Y/origin.1/section.1/section_type.2/country.es/vertical.homes/iuid.2155trovit-web-86bb757b58-qdrf266817d41ed742/tracking.%7B%22cmp%22%3A%22u%22%7D/what_d.provincia%20cantabria/type.2/page.5/cookieid.102012066817d41d364f8.87624877/pos.13/;39007, Santander, Provincia de Cantabria;2  habitaciones;1  baños;70  m²;Piso zona 4 Caminos cerca del hospital compuesto por 2 habitaciones, salón, cocina equipada y baño, calefacción individual a gas, exterior muy lu...;Hace 13 días;Rentola;Cantabria
700€;Piso en Floranes con 3 habitaciones más garaje y trastero;https://rd.clk.thribee.com/id.1Z1G1V1h191i1b1l/origin.1/section.1/section_type.2/country.es/vertical.homes/iuid.2155trovit-web-86bb757b58-qdrf266817d41ed742/tracking.%7B%22cmp%22%3A%22u%22%7D/what_d.provincia%20cantabria/type.2/page.5/cookieid.102012066817d41d364f8.87624877/pos.14/;39010, Santander, Provincia de Cantabria;3  habitaciones;2  baños;75  m²;Piso en la Calle Floranes compuesto por 3 habitaciones, salón, cocina, baño y aseo, calefacción individual gas, balcón, exterior muy luminoso al...;Hace 13 días;Rentola;Cantabria
1.450€;2 dormitorio, Potes 39570 1ES65797-;https://rd.clk.thribee.com/id.1a1KA-YC1N7/origin.1/section.1/section_type.2/country.es/vertical.homes/iuid.2155trovit-web-86bb757b58-qdrf266817d41ed742/tracking.%7B%22cmp%22%3A%22u%22%7D/what_d.provincia%20cantabria/type.2/page.5/cookieid.102012066817d41d364f8.87624877/pos.15/;39570, Potes, Provincia de Cantabria;2  habitaciones;-;-;TRV65797---. Esta casa se encuentra en Potes Potes 39570. Tiene 2 dormitorios. Esta 2 dormitorio apartamentos en Potes Potes es para alquilar por...;Hace 6 días;Listanza;Cantabria
200€;Habitación en piso compartido en Santander;https://rd.clk.thribee.com/id.K1sGDT1l171O/origin.1/section.1/section_type.2/country.es/vertical.homes/iuid.2155trovit-web-86bb757b58-qdrf266817d41ed742/tracking.%7B%22cmp%22%3A%22u%22%7D/what_d.provincia%20cantabria/type.2/page.5/cookieid.102012066817d41d364f8.87624877/pos.16/;39740, Santander, Provincia de Cantabria;3  habitaciones;-;-;DISCLAIMER: By clicking the contact button, you will be able to get in touch with the property manager partner and to rent your home 100% online...;Hace 13 días;Rentola;Cantabria
725€;2 dormitorio, Santander 39008 1ES50141-;https://rd.clk.thribee.com/id.M1C1h1q10b1n1V/origin.1/section.1/section_type.2/country.es/vertical.homes/iuid.2155trovit-web-86bb757b58-qdrf266817d41ed742/tracking.%7B%22cmp%22%3A%22u%22%7D/what_d.provincia%20cantabria/type.2/page.5/cookieid.102012066817d41d364f8.87624877/pos.17/;39008, Santander, Provincia de Cantabria;2  habitaciones;1  baños;-;TRV50141---. Esta casa se encuentra en Santander Santander 39008. Tiene 2 dormitorios, 1 baño. Esta 2 dormitorio apartamentos en Santander Santan...;Hace 20 días;Listanza;Cantabria
550€;Piso en zona Salesianos con 2 habitaciones reformado;https://rd.clk.thribee.com/id.1MR1gI1Vb_1i/origin.1/section.1/section_type.2/country.es/vertical.homes/iuid.2155trovit-web-86bb757b58-qdrf266817d41ed742/tracking.%7B%22cmp%22%3A%22u%22%7D/what_d.provincia%20cantabria/type.2/page.5/cookieid.102012066817d41d364f8.87624877/pos.18/;39006, Santander, Provincia de Cantabria;2  habitaciones;1  baños;50  m²;Piso en Bajada Rumayor en la zona de Gral Dávila en Salesianos compuesto por 2 habitaciones, salón, cocina equipada y baño, reformado recientemen...;Hace 5 días;Rentola;Cantabria
520€;Habitación en piso compartido en Santander;https://rd.clk.thribee.com/id.1R1mXL1p1w_H/origin.1/section.1/section_type.2/country.es/vertical.homes/iuid.2155trovit-web-86bb757b58-qdrf266817d41ed742/tracking.%7B%22cmp%22%3A%22u%22%7D/what_d.provincia%20cantabria/type.2/page.5/cookieid.102012066817d41d364f8.87624877/pos.19/;39002, Santander, Provincia de Cantabria;5  habitaciones;-;130  m²;DISCLAIMER: By clicking the contact button, you will be able to get in touch with the property manager partner and to rent your home 100% online...;Hace 13 días;Rentola;Cantabria
650€;2 dormitorio, Ribamontán al Mar 39140 1ES75307-;https://rd.clk.thribee.com/id.-9VwqO1T1o/origin.1/section.1/section_type.2/country.es/vertical.homes/iuid.2155trovit-web-86bb757b58-qdrf266817d41ed742/tracking.%7B%22cmp%22%3A%22u%22%7D/what_d.provincia%20cantabria/type.2/page.5/cookieid.102012066817d41d364f8.87624877/pos.20/;39140, Ribamontán al Mar, Provincia de Cantabria;2  habitaciones;-;-;TRV75307---. Esta casa se encuentra en Ribamontán al Mar Ribamontán al Mar 39140. Tiene 2 dormitorios. Esta 2 dormitorio Casa en Ribamontán al Ma...;Hace 6 días;Listanza;Cantabria
660€;Piso calle Alta con garaje cerrado y trastero;https://rd.clk.thribee.com/id.131u10I1T1i1OV/origin.1/section.1/section_type.2/country.es/vertical.homes/iuid.2155trovit-web-86bb757b58-qdrf266817d41ed742/tracking.%7B%22cmp%22%3A%22u%22%7D/what_d.provincia%20cantabria/type.2/page.5/cookieid.102012066817d41d364f8.87624877/pos.21/;39008, Santander, Provincia de Cantabria;3  habitaciones;1  baños;90  m²;Piso en la Calle Alta compuesto por 3 habitaciones, salón, cocina equipada y dos baños, terraza, exterior al sur, calefacción individual gas, tod...;Hace 13 días;Rentola;Cantabria
835€;Single room in university residence in Santander;https://rd.clk.thribee.com/id.WAi-1V1a1BJ/origin.1/section.1/section_type.2/country.es/vertical.homes/iuid.2155trovit-web-86bb757b58-qdrf266817d41ed742/tracking.%7B%22cmp%22%3A%22u%22%7D/what_d.provincia%20cantabria/type.2/page.5/cookieid.102012066817d41d364f8.87624877/pos.22/;39011, Santander, Provincia de Cantabria;4  habitaciones;1  baños;19  m²;Are you going to live in Santander? Our university residence in Santander has a location and environments ideal for students. We are close to the...;Hace 13 días;Rentola;Cantabria
850€;Lovely 2-bedroom apartment in the heart of Santander;https://rd.clk.thribee.com/id.WQ1d111-LL1U/origin.1/section.1/section_type.2/country.es/vertical.homes/iuid.2155trovit-web-86bb757b58-qdrf266817d41ed742/tracking.%7B%22cmp%22%3A%22u%22%7D/what_d.provincia%20cantabria/type.2/page.5/cookieid.102012066817d41d364f8.87624877/pos.23/;39001, Santander, Provincia de Cantabria;2  habitaciones;1  baños;-;Estancia máxima de 9 meses. Edad máxima. 40 años Rental period for this listing is between 3. 24 months...;Hace 13 días;Rentola;Cantabria
750€;Comy Two Bedroom Apartment close to UIMP;https://rd.clk.thribee.com/id.Y1Q16jP1-141e/origin.1/section.1/section_type.2/country.es/vertical.homes/iuid.2155trovit-web-86bb757b58-qdrf266817d41ed742/tracking.%7B%22cmp%22%3A%22u%22%7D/what_d.provincia%20cantabria/type.2/page.5/cookieid.102012066817d41d364f8.87624877/pos.24/;39005, Santander, Provincia de Cantabria;2  habitaciones;1  baños;-;Rental period for this listing is between 3. 24 months...;Hace 13 días;Rentola;Cantabria
650€;Amplio piso cerca de Ayuntamiento con 3 habitaciones;https://rd.clk.thribee.com/id.a1V1x1l1E1i1lH/origin.1/section.1/section_type.2/country.es/vertical.homes/iuid.2155trovit-web-86bb757b58-qdrf266817d41ed742/tracking.%7B%22cmp%22%3A%22u%22%7D/what_d.provincia%20cantabria/type.2/page.5/cookieid.102012066817d41d364f8.87624877/pos.25/;39002, Santander, Provincia de Cantabria;3  habitaciones;1  baños;90  m²;Amplio piso cerca del Ayuntamiento en la Calle Acebedos compuesto por 3 habitaciones, salón, cocina equipada y baño con bañera de hidromasaje y d...;Hace 13 días;Rentola;Cantabria
4.400€;4 dormitorio, Alfoz de Lloredo 39525 1ES78197-;https://rd.clk.thribee.com/id.1ggN1S1Uvn-/origin.1/section.1/section_type.2/country.es/vertical.homes/iuid.182164trovit-web-86bb757b58-x2z4q66817d4661601/tracking.%7B%22cmp%22%3A%22u%22%7D/what_d.provincia%20cantabria/type.2/page.6/cookieid.102120466817d46413102.96508318/pos.1/;39525, Alfoz de Lloredo, Provincia de Cantabria;4  habitaciones;-;-;TRV78197---. Esta casa se encuentra en Alfoz de Lloredo Alfoz de Lloredo 39525. Tiene 4 dormitorios. Esta 4 dormitorio Casa en Alfoz de Lloredo A...;Hace 2 días;Listanza;Cantabria
350€;Comfy Double Bedroom in the city center of Santander;https://rd.clk.thribee.com/id.1bRN1HW1yAn/origin.1/section.1/section_type.2/country.es/vertical.homes/iuid.182164trovit-web-86bb757b58-x2z4q66817d4661601/tracking.%7B%22cmp%22%3A%22u%22%7D/what_d.provincia%20cantabria/type.2/page.6/cookieid.102120466817d46413102.96508318/pos.2/;39003, Santander, Provincia de Cantabria;5  habitaciones;2  baños;-;Rental period for this listing is between 3. 24 months...;Hace 1 día;Rentola;Cantabria
828€;Santander 39011 1ES69445-;https://rd.clk.thribee.com/id.1d1y1S317w1QH/origin.1/section.1/section_type.2/country.es/vertical.homes/iuid.182164trovit-web-86bb757b58-x2z4q66817d4661601/tracking.%7B%22cmp%22%3A%22u%22%7D/what_d.provincia%20cantabria/type.2/page.6/cookieid.102120466817d46413102.96508318/pos.3/;39011, Santander, Provincia de Cantabria;-;-;-;TRV69445---. Esta casa se encuentra en Santander Santander 39011. Tiene 0 dormitorio. Esta 0 dormitorio apartamentos en Santander Santander es pa...;Hace 6 días;Listanza;Cantabria
780€;Piso En alquiler Paseo del, General Dávila, Santander;https://rd.clk.thribee.com/id.-1Ne1801q18S/origin.1/section.1/section_type.2/country.es/vertical.homes/iuid.182164trovit-web-86bb757b58-x2z4q66817d4661601/tracking.%7B%22cmp%22%3A%22u%22%7D/what_d.provincia%20cantabria/type.2/page.6/cookieid.102120466817d46413102.96508318/pos.4/;39007, Santander, Provincia de Cantabria;3  habitaciones;2  baños;95  m²;PISO de 3 dormitorio y dos baños. Temporada academica. Situado en General Davila. Zona SalesianosResulta ideal para compartir entre dos o tres es...;Hace 11 días;Rentola;Cantabria
450€;Habitación en piso compartido en Santander;https://rd.clk.thribee.com/id.Z1D1q1Xg21cr/origin.1/section.1/section_type.2/country.es/vertical.homes/iuid.182164trovit-web-86bb757b58-x2z4q66817d4661601/tracking.%7B%22cmp%22%3A%22u%22%7D/what_d.provincia%20cantabria/type.2/page.6/cookieid.102120466817d46413102.96508318/pos.5/;18198, Santander, Provincia de Cantabria;3  habitaciones;-;85  m²;DISCLAIMER: By clicking the contact button, you will be able to get in touch with the property manager partner and to rent your home 100% online...;Hace 13 días;Rentola;Cantabria
825€;Piso En alquiler CERVANTES, Centro - Ayuntamiento, Santander;https://rd.clk.thribee.com/id.ZSB1Y81AR1Z/origin.1/section.1/section_type.2/country.es/vertical.homes/iuid.182164trovit-web-86bb757b58-x2z4q66817d4661601/tracking.%7B%22cmp%22%3A%22u%22%7D/what_d.provincia%20cantabria/type.2/page.6/cookieid.102120466817d46413102.96508318/pos.6/;39001, Santander, Provincia de Cantabria;2  habitaciones;2  baños;75  m²;SOTOURBAN inmobiliaria alquila centrico piso a 2 minutos del Ayuntamiento y 5 min. De las Estaciones, de dos dormitorios con dos baños recien act...;Hace 13 días;Rentola;Cantabria
600€;Piso zona de la Calle Burgos con 2 habitaciones;https://rd.clk.thribee.com/id.1GL1O1p61c1i1T/origin.1/section.1/section_type.2/country.es/vertical.homes/iuid.182164trovit-web-86bb757b58-x2z4q66817d4661601/tracking.%7B%22cmp%22%3A%22u%22%7D/what_d.provincia%20cantabria/type.2/page.6/cookieid.102120466817d46413102.96508318/pos.7/;39010, Santander, Provincia de Cantabria;1  habitaciones;1  baños;55  m²;Bonito piso en la zona de la Calle Burgos compuesto por 2 habitaciones, salón, cocina office y baño, calefacción individual a gas, exterior lumin...;Hace 13 días;Rentola;Cantabria
700€;Piso en alquiler en Santander, Área de Santander;https://rd.clk.thribee.com/id.1HYq111E1Q1zw/origin.1/section.1/section_type.2/country.es/vertical.homes/iuid.182164trovit-web-86bb757b58-x2z4q66817d4661601/tracking.%7B%22cmp%22%3A%22u%22%7D/what_d.provincia%20cantabria/type.2/page.6/cookieid.102120466817d46413102.96508318/pos.8/;39006, Santander, Provincia de Cantabria;3  habitaciones;1  baños;60  m²;¡Excelente oportunidad de alquiler temporal en Los Castros para el. *curso académico*. 2024-2025! Este luminoso piso en la calle Universidad esta...;Hace +30 días;Todopisos;Cantabria
700€;Alquiler piso en santander temporada de verano;https://rd.clk.thribee.com/id.1J1rO1R1M41IJ/origin.1/section.1/section_type.2/country.es/vertical.homes/iuid.182164trovit-web-86bb757b58-x2z4q66817d4661601/tracking.%7B%22cmp%22%3A%22u%22%7D/what_d.provincia%20cantabria/type.2/page.6/cookieid.102120466817d46413102.96508318/pos.9/;39005, Santander, Provincia de Cantabria;3  habitaciones;1  baños;62  m²;¡Temporada de verano! Meses de julio y agosto. Semanas, quincenas y meses completosel precio del alquiler en julio: 700 eur/semanael precio del a...;Hace 13 días;Rentola;Cantabria
450€;Pleasant Double Bedroom nearby Centro Botín;https://rd.clk.thribee.com/id.1M1nd1YgFrc/origin.1/section.1/section_type.2/country.es/vertical.homes/iuid.182164trovit-web-86bb757b58-x2z4q66817d4661601/tracking.%7B%22cmp%22%3A%22u%22%7D/what_d.provincia%20cantabria/type.2/page.6/cookieid.102120466817d46413102.96508318/pos.10/;39009, Santander, Provincia de Cantabria;3  habitaciones;1  baños;-;Recently renovated (2020), 9th floor flat with 102 m2 (1100 Square Feet) with clear views to Santander’s Bay (1st line). Flat is centrally locate...;Hace 5 días;Rentola;Cantabria
420€;Habitación en piso compartido en Santander;https://rd.clk.thribee.com/id.Vq1s1e1jMa5/origin.1/section.1/section_type.2/country.es/vertical.homes/iuid.182164trovit-web-86bb757b58-x2z4q66817d4661601/tracking.%7B%22cmp%22%3A%22u%22%7D/what_d.provincia%20cantabria/type.2/page.6/cookieid.102120466817d46413102.96508318/pos.11/;Santander, Provincia de Cantabria;4  habitaciones;-;128  m²;DISCLAIMER: By clicking the contact button, you will be able to get in touch with the property manager partner and to rent your home 100% online...;Hace 13 días;Rentola;Cantabria
588€;Shared room in university residence in Santander;https://rd.clk.thribee.com/id.1nUJ1w1fhl1D/origin.1/section.1/section_type.2/country.es/vertical.homes/iuid.182164trovit-web-86bb757b58-x2z4q66817d4661601/tracking.%7B%22cmp%22%3A%22u%22%7D/what_d.provincia%20cantabria/type.2/page.6/cookieid.102120466817d46413102.96508318/pos.12/;39011, Santander, Provincia de Cantabria;4  habitaciones;1  baños;19  m²;Are you going to live in Santander? Our university residence in Santander has a location and environments ideal for students. We are close to the...;Hace 13 días;Rentola;Cantabria
1.600€;Family apartment in Santander;https://rd.clk.thribee.com/id.1r1L61CTo1gz/origin.1/section.1/section_type.2/country.es/vertical.homes/iuid.182164trovit-web-86bb757b58-x2z4q66817d4661601/tracking.%7B%22cmp%22%3A%22u%22%7D/what_d.provincia%20cantabria/type.2/page.6/cookieid.102120466817d46413102.96508318/pos.13/;39012, Santander, Provincia de Cantabria;3  habitaciones;2  baños;88  m²;Located in a quiet residential neighborhood 10 minutes by car from the center of SantanderPerfect for traveling by car due to its comfort both fo...;Hace 13 días;Rentola;Cantabria
1.000€;Homely 3-bedroom apartment close to Santander train station;https://rd.clk.thribee.com/id.1t-U1lp1ar1k/origin.1/section.1/section_type.2/country.es/vertical.homes/iuid.182164trovit-web-86bb757b58-x2z4q66817d4661601/tracking.%7B%22cmp%22%3A%22u%22%7D/what_d.provincia%20cantabria/type.2/page.6/cookieid.102120466817d46413102.96508318/pos.14/;39007, Santander, Provincia de Cantabria;3  habitaciones;1  baños;-;El piso esta disponible de Septiembre a Julio, tiene 3 habitaciones, salón, comedor independiente (que se puede poner otro dormitorio), cocina y...;Hace 5 días;Rentola;Cantabria
1.994€;3 dormitorio, Colindres 39750 1ES68465-;https://rd.clk.thribee.com/id.e1U1x1_1_1Xx1J/origin.1/section.1/section_type.2/country.es/vertical.homes/iuid.182164trovit-web-86bb757b58-x2z4q66817d4661601/tracking.%7B%22cmp%22%3A%22u%22%7D/what_d.provincia%20cantabria/type.2/page.6/cookieid.102120466817d46413102.96508318/pos.15/;39750, Colindres, Provincia de Cantabria;3  habitaciones;-;-;TRV68465---. Esta casa se encuentra en Colindres Colindres 39750. Tiene 3 dormitorios. Esta 3 dormitorio apartamentos en Colindres Colindres es p...;Hace 6 días;Listanza;Cantabria
650€;Zona Corte Inglés 3 habitaciones 2 baños y garaje;https://rd.clk.thribee.com/id.gBeyRNe1S/origin.1/section.1/section_type.2/country.es/vertical.homes/iuid.182164trovit-web-86bb757b58-x2z4q66817d4661601/tracking.%7B%22cmp%22%3A%22u%22%7D/what_d.provincia%20cantabria/type.2/page.6/cookieid.102120466817d46413102.96508318/pos.16/;39011, Santander, Provincia de Cantabria;3  habitaciones;2  baños;94  m²;Piso en Zona Corte Inglés compuesto por 3 habitaciones, salón, cocina equipada y 2 baños, exterior muy luminoso, calefacción individual, todo amu...;Hace 4 días;Rentola;Cantabria
450€;Comfy Single bedroom close to Playa de los Peligros;https://rd.clk.thribee.com/id.l1k1Ncxq1C1a/origin.1/section.1/section_type.2/country.es/vertical.homes/iuid.182164trovit-web-86bb757b58-x2z4q66817d4661601/tracking.%7B%22cmp%22%3A%22u%22%7D/what_d.provincia%20cantabria/type.2/page.6/cookieid.102120466817d46413102.96508318/pos.17/;39004, Santander, Provincia de Cantabria;3  habitaciones;1  baños;-;Rental period for this listing is between 3. 24 months...;Hace 5 días;Rentola;Cantabria
2.100€;Piso completo de 3 habitaciones en Santander;https://rd.clk.thribee.com/id.1jLK1h1s1JV1r/origin.1/section.1/section_type.2/country.es/vertical.homes/iuid.182164trovit-web-86bb757b58-x2z4q66817d4661601/tracking.%7B%22cmp%22%3A%22u%22%7D/what_d.provincia%20cantabria/type.2/page.6/cookieid.102120466817d46413102.96508318/pos.18/;Santander, Provincia de Cantabria;3  habitaciones;-;170  m²;DISCLAIMER: By clicking the contact button, you will be able to get in touch with the property manager partner and to rent your home 100% online...;Hace 13 días;Rentola;Cantabria
850€;Piso para estudiantes a un paso de las universidades y de los jardines de piquio;https://rd.clk.thribee.com/id.1jj11pW1r1b1T/origin.1/section.1/section_type.2/country.es/vertical.homes/iuid.182164trovit-web-86bb757b58-x2z4q66817d4661601/tracking.%7B%22cmp%22%3A%22u%22%7D/what_d.provincia%20cantabria/type.2/page.6/cookieid.102120466817d46413102.96508318/pos.19/;39006, Santander, Provincia de Cantabria;3  habitaciones;2  baños;130  m²;Descripción Alquiler temporal para estudiantes en temporada septiembre 2023 – junio 2024. El precio incluye la calefacción central y el agua cali...;Hace 1 día;Rentola;Cantabria
500€;Piso en Cisneros cerca de 4 Caminos con 2 habitaciones;https://rd.clk.thribee.com/id.1Egjk1c41OC/origin.1/section.1/section_type.2/country.es/vertical.homes/iuid.182164trovit-web-86bb757b58-x2z4q66817d4661601/tracking.%7B%22cmp%22%3A%22u%22%7D/what_d.provincia%20cantabria/type.2/page.6/cookieid.102120466817d46413102.96508318/pos.20/;39010, Santander, Provincia de Cantabria;2  habitaciones;1  baños;65  m²;Piso en la calle Cisneros compuesto por 2 habitaciones, salón, cocina equipada y baño, terraza, muy luminoso al sur, todo amueblado, en buen esta...;Hace 4 días;Rentola;Cantabria
1.799€;2 dormitorio, Medio Cudeyo 39619 1ES65814-;https://rd.clk.thribee.com/id.1F1Z1xq1In41O/origin.1/section.1/section_type.2/country.es/vertical.homes/iuid.182164trovit-web-86bb757b58-x2z4q66817d4661601/tracking.%7B%22cmp%22%3A%22u%22%7D/what_d.provincia%20cantabria/type.2/page.6/cookieid.102120466817d46413102.96508318/pos.21/;39619, Medio Cudeyo, Provincia de Cantabria;2  habitaciones;-;-;TRV65814---. Esta casa se encuentra en Medio Cudeyo Medio Cudeyo 39619. Tiene 2 dormitorios. Esta 2 dormitorio apartamentos en Medio Cudeyo Medio...;Hace 6 días;Listanza;Cantabria
2.141€;Alterhome - Beautiful apartment in Ubiarco;https://rd.clk.thribee.com/id.1GQxD1y-1t8/origin.1/section.1/section_type.2/country.es/vertical.homes/iuid.182164trovit-web-86bb757b58-x2z4q66817d4661601/tracking.%7B%22cmp%22%3A%22u%22%7D/what_d.provincia%20cantabria/type.2/page.6/cookieid.102120466817d46413102.96508318/pos.22/;39360, Suances, Provincia de Cantabria;3  habitaciones;1  baños;45  m²;Located in a charming area, this apartment is just a few minutes from the spectacular Cliffs of Ubiarco and the Beaches of Santa Justa and Playa...;Hace 13 días;Rentola;Cantabria
725€;Piso de 2 dormitorios en alquiler en Santander;https://rd.clk.thribee.com/id.1Icbc1_oub/origin.1/section.1/section_type.2/country.es/vertical.homes/iuid.182164trovit-web-86bb757b58-x2z4q66817d4661601/tracking.%7B%22cmp%22%3A%22u%22%7D/what_d.provincia%20cantabria/type.2/page.6/cookieid.102120466817d46413102.96508318/pos.23/;18410, Santander, Provincia de Cantabria;2  habitaciones;-;65  m²;DISCLAIMER: By clicking the contact button, you will be able to get in touch with the property manager partner and to rent your home 100% online...;Hace 13 días;Rentola;Cantabria
1.050€;1 dormitorio, Santander 39008 1ES48767-;https://rd.clk.thribee.com/id.1w1-1QM1U1-1Db/origin.1/section.1/section_type.2/country.es/vertical.homes/iuid.182164trovit-web-86bb757b58-x2z4q66817d4661601/tracking.%7B%22cmp%22%3A%22u%22%7D/what_d.provincia%20cantabria/type.2/page.6/cookieid.102120466817d46413102.96508318/pos.24/;39008, Santander, Provincia de Cantabria;1  habitaciones;-;-;TRV48767---. Esta casa se encuentra en Santander Santander 39008. Tiene 1 dormitorio. Esta 1 dormitorio apartamentos en Santander Santander es pa...;Hace +30 días;Listanza;Cantabria
2.000€;3 dormitorio, Castro-Urdiales 39700 1ES75331-;https://rd.clk.thribee.com/id.1y1t1nSm1LD1i/origin.1/section.1/section_type.2/country.es/vertical.homes/iuid.182164trovit-web-86bb757b58-x2z4q66817d4661601/tracking.%7B%22cmp%22%3A%22u%22%7D/what_d.provincia%20cantabria/type.2/page.6/cookieid.102120466817d46413102.96508318/pos.25/;39700, Castro-Urdiales, Provincia de Cantabria;3  habitaciones;-;-;TRV75331---. Esta casa se encuentra en Castro Urdiales Castro-Urdiales 39700. Tiene 3 dormitorios. Esta 3 dormitorio Casa en Castro Urdiales Cast...;Hace 6 días;Listanza;Cantabria
550€;Piso de 3 habitaciones en 4 Caminos cerca Hospital;https://rd.clk.thribee.com/id.dP1II151717q/origin.1/section.1/section_type.2/country.es/vertical.homes/iuid.104874trovit-web-86bb757b58-x2z4q66817d48cd7b8/tracking.%7B%22cmp%22%3A%22u%22%7D/what_d.provincia%20cantabria/type.2/page.7/cookieid.102120566817d48b0e7a8.86612206/pos.1/;39010, Santander, Provincia de Cantabria;3  habitaciones;1  baños;75  m²;Piso en 4 Caminos cerca del Hospital compuesto por 3 habitaciones, salón, cocina equipada y baño, calefacción individual gas, todo amueblado, ext...;Hace 13 días;Rentola;Cantabria
975€;Piso cerca del hospital con garaje para dos coches;https://rd.clk.thribee.com/id.eI1ed0k1ad/origin.1/section.1/section_type.2/country.es/vertical.homes/iuid.104874trovit-web-86bb757b58-x2z4q66817d48cd7b8/tracking.%7B%22cmp%22%3A%22u%22%7D/what_d.provincia%20cantabria/type.2/page.7/cookieid.102120566817d48b0e7a8.86612206/pos.2/;39011, Santander, Provincia de Cantabria;1  habitaciones;2  baños;90  m²;Piso en Calle Luis Vicente Velasco cerca del hospital compuesto por 3 habitaciones, salón, cocina equipada y 2 Galerías, calefacción individual g...;Hace 13 días;Rentola;Cantabria
1.500€;Piso entero de 4 dormitorios en Santander;https://rd.clk.thribee.com/id.jh1q121eams/origin.1/section.1/section_type.2/country.es/vertical.homes/iuid.104874trovit-web-86bb757b58-x2z4q66817d48cd7b8/tracking.%7B%22cmp%22%3A%22u%22%7D/what_d.provincia%20cantabria/type.2/page.7/cookieid.102120566817d48b0e7a8.86612206/pos.3/;39005, Santander, Provincia de Cantabria;4  habitaciones;-;100  m²;DISCLAIMER: By clicking the contact button, you will be able to get in touch with the property manager partner and to rent your home 100% online...;Hace 13 días;Rentola;Cantabria
550€;Zona Zoco en Peñacastillo con parking comunitario;https://rd.clk.thribee.com/id.1k1E1B1zWp1x15/origin.1/section.1/section_type.2/country.es/vertical.homes/iuid.104874trovit-web-86bb757b58-x2z4q66817d48cd7b8/tracking.%7B%22cmp%22%3A%22u%22%7D/what_d.provincia%20cantabria/type.2/page.7/cookieid.102120566817d48b0e7a8.86612206/pos.4/;39011, Santander, Provincia de Cantabria;2  habitaciones;1  baños;65  m²;Zona Zoco en Peñacastillo piso de 2 habitaciones, salón, cocina equipada y baño, exterior muy luminoso, calefacción individual, PVC, todo amuebla...;Hace 13 días;Rentola;Cantabria
400€;Lovely Single Bedroom close to Estación de tren Santander;https://rd.clk.thribee.com/id.1p1w1wX1n1q6B/origin.1/section.1/section_type.2/country.es/vertical.homes/iuid.104874trovit-web-86bb757b58-x2z4q66817d48cd7b8/tracking.%7B%22cmp%22%3A%22u%22%7D/what_d.provincia%20cantabria/type.2/page.7/cookieid.102120566817d48b0e7a8.86612206/pos.5/;39009, Santander, Provincia de Cantabria;3  habitaciones;1  baños;-;Recently renovated (2020), 9th floor flat with 102 m2 (1100 Square Feet) with clear views to Santander’s Bay (1st line). Flat is centrally locate...;Hace 5 días;Rentola;Cantabria
455€;Zona Gral Dávila con 3 habitaciones;https://rd.clk.thribee.com/id.71aH1P9v1wi/origin.1/section.1/section_type.2/country.es/vertical.homes/iuid.104874trovit-web-86bb757b58-x2z4q66817d48cd7b8/tracking.%7B%22cmp%22%3A%22u%22%7D/what_d.provincia%20cantabria/type.2/page.7/cookieid.102120566817d48b0e7a8.86612206/pos.6/;39012, Santander, Provincia de Cantabria;3  habitaciones;1  baños;65  m²;Piso en Calle Madre Soledad cerca de 4 Caminos, Los Osos y Los Castros con 3 habitaciones, salón, cocina completa y baño, exterior muy luminoso,...;Hace 4 días;Rentola;Cantabria
836€;Santander 39011 1ES69445-;https://rd.clk.thribee.com/id.riW1n1wk1hL/origin.1/section.1/section_type.2/country.es/vertical.homes/iuid.104874trovit-web-86bb757b58-x2z4q66817d48cd7b8/tracking.%7B%22cmp%22%3A%22u%22%7D/what_d.provincia%20cantabria/type.2/page.7/cookieid.102120566817d48b0e7a8.86612206/pos.7/;39011, Santander, Provincia de Cantabria;-;-;-;TRV69445---. Esta casa se encuentra en Santander Santander 39011. Tiene 0 dormitorio. Esta 0 dormitorio apartamentos en Santander Santander es pa...;Hace 6 días;Listanza;Cantabria
1.560€;2 dormitorio, Santander 39700 1ES64398-;https://rd.clk.thribee.com/id.x1Ff1FNIh1j/origin.1/section.1/section_type.2/country.es/vertical.homes/iuid.104874trovit-web-86bb757b58-x2z4q66817d48cd7b8/tracking.%7B%22cmp%22%3A%22u%22%7D/what_d.provincia%20cantabria/type.2/page.7/cookieid.102120566817d48b0e7a8.86612206/pos.8/;39700, Santander, Provincia de Cantabria;2  habitaciones;1  baños;-;TRV64398---. Piso completo de 2 dormitorios en Castro-Urdiales...;Hace 6 días;Listanza;Cantabria
800€;2 dormitorio, Ribamontán al Mar 39140 1ES74912-;https://rd.clk.thribee.com/id.e1Z15u1xi1k1p/origin.1/section.1/section_type.2/country.es/vertical.homes/iuid.104874trovit-web-86bb757b58-x2z4q66817d48cd7b8/tracking.%7B%22cmp%22%3A%22u%22%7D/what_d.provincia%20cantabria/type.2/page.7/cookieid.102120566817d48b0e7a8.86612206/pos.9/;39140, Ribamontán al Mar, Provincia de Cantabria;2  habitaciones;-;-;TRV74912---. Esta casa se encuentra en Ribamontán al Mar Ribamontán al Mar 39140. Tiene 2 dormitorios. Esta 2 dormitorio Casa en Ribamontán al Ma...;Hace 6 días;Listanza;Cantabria
700€;Alquiler Piso en Bádames, 700 €;https://rd.clk.thribee.com/id.hs1G1S13Q1y17/origin.1/section.1/section_type.2/country.es/vertical.homes/iuid.104874trovit-web-86bb757b58-x2z4q66817d48cd7b8/tracking.%7B%22cmp%22%3A%22u%22%7D/what_d.provincia%20cantabria/type.2/page.7/cookieid.102120566817d48b0e7a8.86612206/pos.10/;39764, Voto, Provincia de Cantabria;3  habitaciones;2  baños;90  m²;¡Amplia vivienda en pleno centro de Bádames! Desde Inmobiliaria Mi Villa les presentamos este piso para alquiler de larga duración con plaza de g...;Hace 13 días;Rentola;Cantabria
750€;Piso zona 4 Caminos con 2 habitaciones;https://rd.clk.thribee.com/id.r1u1l1K12S1L1G/origin.1/section.1/section_type.2/country.es/vertical.homes/iuid.104874trovit-web-86bb757b58-x2z4q66817d48cd7b8/tracking.%7B%22cmp%22%3A%22u%22%7D/what_d.provincia%20cantabria/type.2/page.7/cookieid.102120566817d48b0e7a8.86612206/pos.11/;39010, Santander, Provincia de Cantabria;1  habitaciones;1  baños;60  m²;Piso en la Calle Floranes cerca de 4 Caminos compuesto por 2 habitaciones, salón, cocina y baño, calefacción individual gas, exterior al sur muy...;Hace 13 días;Rentola;Cantabria
990€;4 dormitorio, Bárcena de Pie de Concha 39420 1ES67357-;https://rd.clk.thribee.com/id.xwW1XvlM-/origin.1/section.1/section_type.2/country.es/vertical.homes/iuid.104874trovit-web-86bb757b58-x2z4q66817d48cd7b8/tracking.%7B%22cmp%22%3A%22u%22%7D/what_d.provincia%20cantabria/type.2/page.7/cookieid.102120566817d48b0e7a8.86612206/pos.12/;39420, Bárcena de Pie de Concha, Provincia de Cantabria;4  habitaciones;-;-;TRV67357---. Esta casa se encuentra en Bárcena de Pie de Concha Bárcena de Pie de Concha 39420. Tiene 4 dormitorios. Esta 4 dormitorio Casa en Bá...;Hace 6 días;Listanza;Cantabria
750€;Apartamento en Santander;https://rd.clk.thribee.com/id.rpE1w1R1H1S1V/origin.1/section.1/section_type.2/country.es/vertical.homes/iuid.104874trovit-web-86bb757b58-x2z4q66817d48cd7b8/tracking.%7B%22cmp%22%3A%22u%22%7D/what_d.provincia%20cantabria/type.2/page.7/cookieid.102120566817d48b0e7a8.86612206/pos.13/;30368, Santander, Provincia de Cantabria;1  habitaciones;1  baños;-;DISCLAIMER: By clicking the contact button, you will be able to get in touch with the property manager partner and to rent your home 100% online...;Hace 13 días;Rentola;Cantabria
1.600€;2 dormitorio, Santander 39012 1ES58190-;https://rd.clk.thribee.com/id.w1n1DF1C081C/origin.1/section.1/section_type.2/country.es/vertical.homes/iuid.104874trovit-web-86bb757b58-x2z4q66817d48cd7b8/tracking.%7B%22cmp%22%3A%22u%22%7D/what_d.provincia%20cantabria/type.2/page.7/cookieid.102120566817d48b0e7a8.86612206/pos.14/;39012, Santander, Provincia de Cantabria;2  habitaciones;-;-;TRV58190---. Esta casa se encuentra en Santander Santander 39012. Tiene 2 dormitorios. Esta 2 dormitorio apartamentos en Santander Santander es p...;Hace +30 días;Listanza;Cantabria
285€;Habitación en piso compartido en Santander;https://rd.clk.thribee.com/id.h1A1Oiqc91f/origin.1/section.1/section_type.2/country.es/vertical.homes/iuid.104874trovit-web-86bb757b58-x2z4q66817d48cd7b8/tracking.%7B%22cmp%22%3A%22u%22%7D/what_d.provincia%20cantabria/type.2/page.7/cookieid.102120566817d48b0e7a8.86612206/pos.15/;Santander, Provincia de Cantabria;4  habitaciones;-;-;DISCLAIMER: By clicking the contact button, you will be able to get in touch with the property manager partner and to rent your home 100% online...;Hace 13 días;Rentola;Cantabria
600€;Apartamento en el sardinero para temporada escolar;https://rd.clk.thribee.com/id.u1w1ln1Sx1nM/origin.1/section.1/section_type.2/country.es/vertical.homes/iuid.104874trovit-web-86bb757b58-x2z4q66817d48cd7b8/tracking.%7B%22cmp%22%3A%22u%22%7D/what_d.provincia%20cantabria/type.2/page.7/cookieid.102120566817d48b0e7a8.86612206/pos.16/;39005, Santander, Provincia de Cantabria;1  habitaciones;1  baños;50  m²;Descripción ALQUILER TEMPORADA ESCOLAR, solamente se alquila desde el mes de septiembre hasta junio. Apartamento en la calle Joaquín Costa, en El...;Hace 13 días;Rentola;Cantabria
780€;Piso En alquiler Bajada de Polio 1, Los Castros, Santander;https://rd.clk.thribee.com/id.w1x1L1_76b1A/origin.1/section.1/section_type.2/country.es/vertical.homes/iuid.104874trovit-web-86bb757b58-x2z4q66817d48cd7b8/tracking.%7B%22cmp%22%3A%22u%22%7D/what_d.provincia%20cantabria/type.2/page.7/cookieid.102120566817d48b0e7a8.86612206/pos.17/;39003, Santander, Provincia de Cantabria;3  habitaciones;2  baños;85  m²;Pisa amplio entre davila /castros ideal para estudiantes de medicina, ingenierias, ciencias, enfermeria, univ. ATLANTICO, CESINE, DECROLY, etc Se...;Hace 2 días;Rentola;Cantabria
690€;Piso a pocos minutos del ayuntamiento reformado;https://rd.clk.thribee.com/id.x1W1z1E1fr1-10/origin.1/section.1/section_type.2/country.es/vertical.homes/iuid.104874trovit-web-86bb757b58-x2z4q66817d48cd7b8/tracking.%7B%22cmp%22%3A%22u%22%7D/what_d.provincia%20cantabria/type.2/page.7/cookieid.102120566817d48b0e7a8.86612206/pos.18/;39008, Santander, Provincia de Cantabria;2  habitaciones;1  baños;80  m²;Piso muy céntrico a pocos minutos del ayuntamiento y cuenta con 2 habitaciones, sala, comedor, cocina equipada y baño, calefacción individual gas...;Hace 13 días;Rentola;Cantabria
450€;Piso muy céntrico con 2 habitaciones;https://rd.clk.thribee.com/id.z1c161w1b1N1E1R/origin.1/section.1/section_type.2/country.es/vertical.homes/iuid.104874trovit-web-86bb757b58-x2z4q66817d48cd7b8/tracking.%7B%22cmp%22%3A%22u%22%7D/what_d.provincia%20cantabria/type.2/page.7/cookieid.102120566817d48b0e7a8.86612206/pos.19/;39001, Santander, Provincia de Cantabria;2  habitaciones;1  baños;50  m²;Piso cerca del Ayuntamiento en Calle La Enseñanza, compuesto por 2 habitaciones, salón, cocina y baño, exterior muy luminoso, todo amueblado, ref...;Hace 4 días;Rentola;Cantabria
1.680€;4 dormitorio, Santander 39008 1ES72981-;https://rd.clk.thribee.com/id.z1j01l913_17/origin.1/section.1/section_type.2/country.es/vertical.homes/iuid.104874trovit-web-86bb757b58-x2z4q66817d48cd7b8/tracking.%7B%22cmp%22%3A%22u%22%7D/what_d.provincia%20cantabria/type.2/page.7/cookieid.102120566817d48b0e7a8.86612206/pos.20/;39008, Santander, Provincia de Cantabria;4  habitaciones;-;-;TRV72981---. Esta casa se encuentra en Santander Santander 39008. Tiene 4 dormitorios. Esta 4 dormitorio apartamentos en Santander Santander es p...;Hace 6 días;Listanza;Cantabria
1.950€;Apartamento de 2 dormitorios en alquiler en Santander;https://rd.clk.thribee.com/id.Kb1r1F1r1xk1B/origin.1/section.1/section_type.2/country.es/vertical.homes/iuid.104874trovit-web-86bb757b58-x2z4q66817d48cd7b8/tracking.%7B%22cmp%22%3A%22u%22%7D/what_d.provincia%20cantabria/type.2/page.7/cookieid.102120566817d48b0e7a8.86612206/pos.21/;39740, Santander, Provincia de Cantabria;2  habitaciones;1  baños;-;DISCLAIMER: By clicking the contact button, you will be able to get in touch with the property manager partner and to rent your home 100% online...;Hace 13 días;Rentola;Cantabria
600€;Amplio piso zona Salesianos con 3 habitaciones;https://rd.clk.thribee.com/id.P1F1v1L1-A1BD/origin.1/section.1/section_type.2/country.es/vertical.homes/iuid.104874trovit-web-86bb757b58-x2z4q66817d48cd7b8/tracking.%7B%22cmp%22%3A%22u%22%7D/what_d.provincia%20cantabria/type.2/page.7/cookieid.102120566817d48b0e7a8.86612206/pos.22/;39001, Santander, Provincia de Cantabria;3  habitaciones;1  baños;96  m²;Amplio piso en la Cuesta de Atalaya cerca de Salesianos en General Dávila con 3 habitaciones, salón, cocina equipada y baño, exterior luminoso, c...;Hace 13 días;Rentola;Cantabria
575€;Zona 4 Caminos con 2 habitaciones con ascensor;https://rd.clk.thribee.com/id.41TLdu1AlG/origin.1/section.1/section_type.2/country.es/vertical.homes/iuid.104874trovit-web-86bb757b58-x2z4q66817d48cd7b8/tracking.%7B%22cmp%22%3A%22u%22%7D/what_d.provincia%20cantabria/type.2/page.7/cookieid.102120566817d48b0e7a8.86612206/pos.23/;39010, Santander, Provincia de Cantabria;2  habitaciones;1  baños;80  m²;Piso en la Calle Alonso zona San Fernando-4 Caminos, compuesto por 2 habitaciones, salón, cocina equipada y baño, calefacción individual, todo am...;Hace 4 días;Rentola;Cantabria
600€;2 dormitorio, Santander 39012 1ES48767-;https://rd.clk.thribee.com/id.4RIN1Hb1T6/origin.1/section.1/section_type.2/country.es/vertical.homes/iuid.104874trovit-web-86bb757b58-x2z4q66817d48cd7b8/tracking.%7B%22cmp%22%3A%22u%22%7D/what_d.provincia%20cantabria/type.2/page.7/cookieid.102120566817d48b0e7a8.86612206/pos.24/;39012, Santander, Provincia de Cantabria;2  habitaciones;-;-;TRV48767---. Esta casa se encuentra en Santander Santander 39012. Tiene 2 dormitorios. Esta 2 dormitorio apartamentos en Santander Santander es p...;Hace +30 días;Listanza;Cantabria
500€;Habitación en piso compartido en Santander;https://rd.clk.thribee.com/id.5191w1E1l1OcX/origin.1/section.1/section_type.2/country.es/vertical.homes/iuid.104874trovit-web-86bb757b58-x2z4q66817d48cd7b8/tracking.%7B%22cmp%22%3A%22u%22%7D/what_d.provincia%20cantabria/type.2/page.7/cookieid.102120566817d48b0e7a8.86612206/pos.25/;39002, Santander, Provincia de Cantabria;5  habitaciones;-;130  m²;DISCLAIMER: By clicking the contact button, you will be able to get in touch with the property manager partner and to rent your home 100% online...;Hace 13 días;Rentola;Cantabria
